Date;Costa_Rica;Lituanie;Colombie;Grece;France;Test_à_con_pour_France;;Suede;Chili;New_Zealand;Suisse;Irlande;Autriche;Italie;Portugal;Luxembourg;Allemagne;Pologne;Tchéquie;Lettonie;EU27_2020;Arabie_Saoudite;EA19;G20;Chine;Afrique_du_sud;Indonesie;Inde;Turquie;Isreal;Belgique;Mexique;Slovaquie;USA;Pays_bas;Bresil;Finlande;Slovenie;Canada;Hongrie;Norvege;OCDE;Japon;Espagne;Danemark;Estonie;Royaume-Uni;Islande;Australie;Corée_du_sud
1970-Q1;;;;0,989272916;1,911374445;191756,906;;1,335154332;;;1,996142378;1,70089772;1,887640264;5,99645822;2,917470963;0,570228979;-1,595662151;;;;;;;;;2,15249064;;;;;1,606117273;1,809210142;;-0,148470701;-1,492127041;;0,868338751;;0,646174007;;0,066650432;0,840518504;3,064074178;1,869665315;0,151850918;;-0,63424505;-2,71169364;2,07641872;-1,694379647
1970-Q2;;;;3,689916583;1,262038455;194176,9519;;0,769958413;;;1,186440678;-0,590195222;2,591039183;0,729986912;2,993325677;-0,502263128;3,975817699;;;;;;;;;2,040587606;;;;;1,575348532;1,768313857;;0,141930001;2,729327461;;3,461852771;;-0,004057869;;0,382575838;1,198203658;1,212645697;0,158864024;0,258883952;;2,361106726;6,150968655;2,003171762;4,021110832
1970-Q3;;;;1,891983963;1,377238609;196851,2318;;2,920683149;;;1,39676879;0,019110094;1,93572997;2,006337881;0,646107063;-0,057051895;1,867836292;;;;;;;;;-1,154461151;;;;;1,176552013;1,243409286;;0,92155083;1,530088662;;1,867733054;;1,032504848;;0,695855263;1,362349406;2,680797035;0,511083262;0,365220202;;0,993702609;4,817922748;-0,205850676;0,61861926
1970-Q4;;;;-0,565799964;1,570186063;199942,1625;;0,462520988;;;0,404998535;0,552682428;1,242164369;0,11182118;1,772498017;0,357558921;0,847606644;;;;;;;;;3,51849898;;;;;0,75863011;0,696789668;;-1,071638106;2,075317548;;1,012939233;;0,178300435;;1,003664882;0,070310999;-0,322008363;0,789027645;0,470506545;;0,87143308;3,756189481;0,482179381;7,704463977
1971-Q1;;;;2,61748959;0,129083296;200200,2544;;-1,089008897;;;1,114560943;0,989664495;0,171116297;-0,523040927;-0,022926399;0,729430049;-1,921102523;;;;;;;;;1,481127915;;;;;0,742862293;0,685514904;;2,715992789;0,488355633;;-4,650448573;;-0,573694762;;1,30320339;0,895956344;0,910971913;0,780917772;0,574419212;;-0,49502952;2,862524703;1,207459571;0,560985094
1971-Q2;;;;2,316320101;1,821986785;203847,8766;;-1,175994276;;;1,590425951;1,292765027;2,154848553;0,421992045;3,964731978;1,022278013;2,098640828;;;;;;;;;-0,815230002;;;;;0,735078006;0,675916427;;0,54112008;0,85825148;;6,09449275;;2,900629253;;1,320492305;1,219297074;1,613126047;1,950592658;0,816535071;;1,793203475;2,260075501;0,424501254;3,257423037
1971-Q3;;;;4,660787308;1,630601407;207171,8229;;1,82754224;;;0,617427471;1,532577418;1,60398934;1,464775733;0,580976999;1,295414973;1,730037193;;;;;;;;;1,302659119;;;;;1,041139476;1,492963048;;0,822967085;0,674313443;;-0,025945738;;2,780357231;;1,336919477;1,341041391;1,218442597;1,839902173;1,053312822;;1,77655997;1,832168664;3,143882256;0,193234303
1971-Q4;;;;-1,812361719;0,856781066;208946,8319;;-0,980523847;;;0,749717572;1,669549894;-0,364435447;0,56453477;3,421453661;1,515131032;-0,084182124;;;;;;;;;0,718762237;;;;;1,354625558;2,330250104;;0,235783839;-1,106227566;;-0,611894491;;1,105730736;;1,352474895;0,528589615;0,911049697;2,013559197;1,283205719;;0,385234788;1,534907377;-0,316455696;0,751014143
1972-Q1;;;;5,062805638;1,309796145;211683,6094;;0,473547083;;;0,917431193;1,687688006;3,257067641;1,104811466;-0,052890599;1,664932254;0,101102707;;;;;;;;;-0,589519975;;;;;1,328109516;2,264728797;;1,838958884;2,850949081;;4,909210676;;-0,349406697;;1,367177317;1,538983153;3,258014557;1,622512359;1,504750769;;0,113615307;1,348162449;-1,215964192;1,437411275
1972-Q2;;;;2,984393538;0,38417729;212496,8498;;0,189989184;;;0,285353536;1,629577966;-0,037419387;-0,045308383;1,942276308;1,767206835;1,632999089;;;;;;;;;1,046169957;;;;;1,304745354;2,20276042;;2,269772354;0,460245494;;-0,039025583;;2,830064499;;1,221700663;1,798721059;1,881993872;2,362836116;1,389444007;;2,643794049;1,31288888;2,233633724;2,955504084
1972-Q3;;;;-0,622562921;0,887960161;214383,7371;;2,848964976;;;0,841034422;1,504128019;1,352706757;1,348168499;4,900383771;1,843768121;2,335604225;;;;;;;;;0,061773482;;;;;1,448760528;2,189293583;;0,944381888;0,151999372;;2,143043783;;0,278737839;;1,081400474;1,283082867;2,13452832;2,196883976;1,278677816;;0,270476751;1,398144255;-0,502298096;1,648226735
1972-Q4;;;;5,586891094;1,660236385;217943,0139;;1,704581047;;;1,765425625;1,338081409;4,511312077;0,475253324;0,540745608;1,917260019;1,553896295;;;;;;;;;1,770998777;;;;;1,593273827;2,17662679;;1,674458738;1,243391832;;2,066012205;;2,369387683;;0,945670252;1,757691863;2,515679627;1,981024409;1,171983819;;1,554122162;1,542472372;1,064935493;4,251313975
1973-Q1;;;;0,356833682;1,99228223;222285,0539;;0,664999096;;;0,498110615;1,151515719;-1,417131378;0,901496317;3,996567313;2,00175876;1,382723679;;;;;;;;;1,289677636;;;;;1,557743371;2,113477478;;2,474806377;3,158903435;;3,574796133;;2,61132786;;0,813763153;2,332088932;3,344675477;1,840654752;1,068889461;;4,964747219;1,671396055;2,578375599;3,307410387
1973-Q2;;;;3,463075952;1,080382169;224686,582;;0,036354188;;;-0,087897063;0,976855111;2,047167789;2,996680537;2,114461523;2,106209441;0,738877462;;;;;;;;;-0,444748341;;;;;1,51907132;2,05215716;;1,08866253;-0,328806944;;-3,086633172;;1,084605289;;0,999672088;1,101055462;0,91447627;1,782785541;0,688149787;;0,134075038;1,781959172;0,185394421;4,202215108
1973-Q3;;;;0,593785586;0,858845143;226616,2918;;0,781539966;;;0,923731092;0,826587472;0,398009616;3,18178299;2,984993782;2,264656679;0,327712697;;;;;;;;;2,892126309;;;;;1,426949406;1,753957612;;-0,525898536;-0,72573153;;4,437518319;;0,362013934;;1,18030089;0,365931917;0,291681205;1,651654071;0,316519876;;-0,944805785;1,918032306;1,012620025;5,090241766
1973-Q4;;;;0,400258753;1,278319135;229513,1712;;1,365484011;;;1,762754546;0,760770828;2,114916666;2,442616376;1,593790761;2,167429275;0,24886882;;;;;;;;;1,92621499;;;;;1,324668226;1,442038019;;0,949216043;3,903124023;;1,879384958;;1,868824427;;1,354833115;1,13473093;1,235735789;1,645425147;-0,050231497;;-0,436401722;1,916533234;2,501847688;1,447179718
1974-Q1;;;;-2,013449845;0,959287031;231714,8613;;-0,532074444;;;1,46096557;0,861614055;2,01668466;0,810995874;0,547245244;1,538048882;0,845690319;;;;;;;;;1,868574967;;;;;1,282729029;1,403345049;;-0,859772574;0,575004502;;-0,581897583;;0,741400547;;1,522530474;-0,442635579;-3,435981747;1,698325068;-0,416193242;;-2,737780016;1,640139287;0,013807069;4,175234446
1974-Q2;;;;-5,264455677;0,500642661;232874,9247;;1,702633011;;;0,302525739;1,126914412;-0,421365581;0,955063814;-2,033564478;0,526564292;-0,076938462;;;;;;;;;1,374417468;;;;;1,269724956;1,378937292;;0,237683227;1,146852459;;0,308619595;;1,094286656;;1,292526514;0,463744974;0,720303476;1,263590499;-0,490190037;;1,429145887;1,177278438;-2,032426794;-0,263554358
1974-Q3;;;;-6,511365608;0,943450926;235071,9853;;1,408670212;;;-2,42459668;1,562881945;0,466238085;0,16671244;-1,658835446;-0,917416866;0,00000435;;;;;;;;;1,132567196;;;;;0,165849972;1,420328024;;-0,945142778;0,7879786;;1,235448193;;-0,087894261;;1,071506394;0,021202269;1,279660157;0,705686378;-0,565185038;;0,623390827;0,526714883;1,196217198;1,56076644
1974-Q4;;;;5,234095866;-1,510183316;231521,9674;;1,360991524;;;-3,572712242;1,877960383;-1,224199014;-2,090374618;-0,772746094;-2,215836913;-1,262707459;;;;;;;;;-0,943914052;;;;;-1,000723354;1,455293632;;-0,388140783;-1,385399516;;0,023032177;;-0,463837034;;0,85781115;-0,610953198;-0,542348904;0,066164419;-0,641423598;;-1,463229067;-0,055508009;0,105984652;-0,341014777
1975-Q1;;;;7,943471934;-0,44990402;230480,3408;;0,638731136;;;-2,127130858;1,782215968;0,13912639;-1,739606011;-1,987540613;-2,690011007;-0,577005351;;;;;;;;;-0,400466152;;;;;-1,000148554;1,41808582;;-1,217285876;-1,96350355;;1,603501804;;-0,628394126;;0,649877665;-0,518840507;0,130852508;-0,501915997;-0,719045178;;0,060207186;-0,274496285;0,389486944;1,414647153
1975-Q2;;;;-1,00896632;0,252750122;231062,8801;;-1,154452753;;;-1,071446707;1,347474683;-1,030183642;-0,051609537;-1,492100144;-2,268514261;-0,501954515;;;;;;;;;1,723782844;;;;;-1,004706808;1,391313202;;0,714536216;1,370993416;;-0,710065894;;1,299640149;;1,045183624;0,534121169;2,220142359;-0,083067768;0,092145804;;-1,648500549;-0,105422218;3,15076402;4,708017469
1975-Q3;;;;-1,815668393;0,38735228;231957,9075;;0,911620997;;;-1,136946925;0,612944177;0,960338551;1,421426377;0,104980707;-0,960290519;1,087808729;;;;;;;;;0,800665346;;;;;0,507866459;1,242050696;;1,711651967;0,569855485;;-0,915384175;;1,877954578;;1,42976477;1,097340343;1,138138264;0,436846242;0,907691254;;-0,350264333;0,426649868;-1,09180734;2,857939982
1975-Q4;;;;4,826948536;1,350335463;235090,1174;;1,276689307;;;-0,713896316;-0,051897778;2,376262245;1,120331647;2,344304561;0,572463046;1,965054968;;;;;;;;;0,824466409;;;;;2,127560608;1,081194488;;1,346524152;3,81341154;;-0,970032912;;1,166484824;;1,799407238;1,371549142;1,051509853;0,702836933;1,707836474;;1,145875318;1,094263387;-1,50224469;3,085712348
1976-Q1;;;;3,279608692;1,467728516;238540,6021;;-1,66619471;;;-0,088898186;-0,231437253;-0,363839304;1,761832697;2,404369543;1,449331581;0,898503341;;;;;;;;;1,314343738;;;;;2,074298549;1,056566621;;2,248760121;0,188830121;;0,373156084;;1,732839462;;2,150529207;1,637650522;0,847324585;0,993842659;2,473896509;;1,653237203;1,628424846;4,410773379;2,888755135
1976-Q2;;;;0,514363354;1,192260978;241384,6286;;1,766900116;;;0,512927876;0,112618598;1,845980491;1,807450363;2,487970122;1,531738731;1,485514999;;;;;;;;;-1,995152109;;;;;2,019118099;1,046903478;;0,733700577;0,099520108;;0,534417659;;2,163803961;;1,718176292;1,024556381;0,590800499;1,154238868;1,810285415;;-0,129451608;1,983566671;0,304470954;4,80717592
1976-Q3;;;;-2,48720672;0,472915631;242526,1742;;-0,541325725;;;1,658508644;0,941474492;2,295540148;2,541459042;0,463687651;0,974239657;0,029868819;;;;;;;;;2,379248149;;;;;0,873670848;0,820824926;;0,548705764;3,533003443;;1,115155717;;0,445344075;;1,308634174;0,885904363;1,406011224;0,969907983;1,184947516;;1,272004491;2,218361227;0,812627544;1,940145549
1976-Q4;;;;7,826207497;1,245840306;245547,663;;-0,462996332;;;1,119221411;1,853283189;1,361666685;1,734669506;3,207685852;0,275677506;1,85157959;;;;;;;;;-0,730836824;;;;;-0,278586554;0,591004129;;0,724850978;-1,692871864;;0,834285714;;0,206075061;;0,916125955;0,951068739;0,118914049;0,767893364;0,584883391;;2,118166659;2,318748639;0,87935688;1,124698181
1977-Q1;;;;-0,466491579;1,105448055;248262,0649;;-2,032863483;;;-0,058254394;2,400262301;0,186590103;0,039609619;0,921982026;-0,050324567;0,853943577;;;;;;;;;-0,218388293;;;;;-0,278875151;0,589218726;;1,181483598;1,21384212;;-0,861385016;;1,422042393;;0,535594358;0,909727173;2,187257002;0,792235802;-1,198126636;;0,018535681;2,267105536;-0,550201381;1,000940879
1977-Q2;;;;-3,651628379;0,434796121;249341,4987;;1,010680614;;;-0,005068553;2,549489505;1,426332979;-0,55686306;0,889026235;0,036882423;0,566949156;;;;;;;;;0,09606388;;;;;-0,275710685;0,574541288;;1,944113078;0,013692467;;-0,120041157;;0,537242437;;0,71004957;0,871941752;0,703787517;0,453631189;-0,069879794;;-0,717021427;2,108320871;1,410956427;5,073162158
1977-Q3;;;;0,360042899;0,458443057;250484,5875;;0,143075842;;;0,780596599;2,433546544;0,315146692;-0,935347604;1,004016479;0,50605461;-0,028904963;;;;;;;;;-0,385872981;;;;;0,312929842;1,396296342;;1,804355899;0,825347154;;0,618096492;;0,528995067;;0,88106137;0,921331685;0,681686576;0,332296681;3,290039473;;0,680867706;1,896654856;-0,424315034;6,0092059
1977-Q4;;;;6,031982291;0,228252482;251056,3248;;-0,591868443;;;-0,062869357;2,132613612;2,305531958;0,856853295;0,702947075;1,047038045;1,720636701;;;;;;;;;0,513506191;;;;;0,94035917;2,24138602;;0,002185772;0,997051521;;-0,233206302;;1,58111274;;1,047887281;0,81700492;1,356456852;0,668053727;-0,905907355;;1,703459448;1,647309678;-0,307954537;3,768176164
1978-Q1;;;;3,917933951;1,389138596;254543,8451;;1,622628005;;;-0,012581782;1,764624843;-4,375787184;1,634293921;0,481313774;1,311099693;0,412115378;;;;;;;;;1,644337137;;;;;0,92598361;2,178848345;;0,319163241;0,253524373;;1,083238312;;0,840853027;;1,532138371;0,8066192;1,889184999;0,624253076;-1,907817704;;0,883254195;1,410812098;0,700426003;-0,809499069
1978-Q2;;;;-1,586366943;1,662617478;258775,9356;;1,557888566;;;0,226500567;1,42637876;1,884672549;1,729759053;0,477280992;1,285131054;0,396382149;;;;;;;;;1,932724731;;;;;0,908158404;2,110729874;;3,864270188;0,183915093;;0,705019741;;0,685996478;;1,621609917;1,978436861;0,972000933;0,202601685;2,178223156;;1,168508775;1,247333233;0,816830271;3,082241658
1978-Q3;;;;-3,179882448;-0,087958221;258548,3209;;-2,062251777;;;0,035153798;1,090713181;0,657607036;0,526216337;0,536667144;1,0318009;1,311340647;;;;;;;;;-1,07584401;;;;;0,644272881;2,237664759;;1,005517127;0,935097717;;0,436852422;;0,954509352;;1,199691934;0,902467391;1,293282486;-0,122709652;1,622225334;;1,377849789;1,142055205;1,522774393;1,859288012
1978-Q4;;;;9,64212363;0,851110816;260748,8536;;1,628870517;;;0,386555887;0,799293581;0,665147304;1,52383092;1,716846424;0,696244528;1,169104613;;;;;;;;;0,910144681;;;;;0,363560447;2,35397061;;1,344143064;1,756247277;;2,174761613;;0,87695671;;0,131752306;1,316693993;1,443061634;-0,147990953;0,198663907;;0,903984664;1,091053182;0,83987928;4,797352379
1979-Q1;;;;0,419401896;0,860055009;262991,4372;;2,064018273;;;0,725126897;0,613802032;2,316319435;1,579975193;1,063669162;0,451987485;0,123655596;;;;;;;;;1,750362876;;;;;0,360280483;2,275444904;;0,179787288;-4,905976541;;2,030235223;;0,831951715;;-0,43679404;0,586010581;1,495580739;-0,159395973;0,922835579;;-0,355860051;1,103744556;2,73296562;4,486019937
1979-Q2;;;;-0,564570712;0,955992372;265505,6152;;1,605590277;;;0,561030708;0,566558783;1,288999833;0,727095866;2,126871436;0,345323703;3,10525348;;;;;;;;;0,646030359;;;;;0,354987306;2,212040322;;0,106919831;5,824767499;;2,374966569;;1,347063852;;2,990411133;1,230634635;1,827155452;0,155449122;1,737239004;;4,397800474;1,195865755;-1,609343883;0,755831526
1979-Q3;;;;-5,363991035;1,143098761;268540,6066;;0,275914039;;;0,940531734;0,636799193;0,879435791;1,730408441;1,329439771;0,34475206;0,00000753;;;;;;;;;0,746384808;;;;;0,953921557;2,070864933;;0,742871468;0,740055504;;0,856889075;;0,691984333;;2,6071009;0,482744498;0,762663736;0,240502258;-0,667477188;;-2,232754797;1,376404142;0,93202954;-2,767723422
1979-Q4;;;;4,631253947;0,190206929;269051,3895;;0,106838671;;;1,530936659;0,743497736;1,328876082;2,353893536;2,064941605;0,35933326;0,61299334;;;;;;;;;2,052155792;;;;;1,576811915;1,918080757;;0,250075034;1,53902663;;1,196705175;;0,665624679;;0,897109378;0,679652611;0,434649;0,351518364;0,506337955;;1,039069334;1,525694765;1,941694952;-1,518757047
1980-Q1;;;;3,408557441;1,162964953;272180,3629;;3,127839726;;;1,902427391;0,803466035;1,069759922;-0,183599872;1,57446299;0,291943658;0,801235019;;;;;;;;;2,054445467;;;;;3,762455451;2,769102252;;0,314519076;-0,057878744;;1,6740043;;0,700189435;;3,881396125;0,579471772;0,38255242;0,669637966;1,530983651;;-0,952731568;1,534589831;0,439293143;0,886148261
1980-Q2;;;;-1,914814274;-0,553067306;270675,0223;;-4,767321461;;;0,358729624;0,823204992;-1,048999564;0,776049009;-0,026077098;0,151425932;-0,64380222;;;;;;;;;1,901048713;;;;;-0,666234698;0,652366114;;-2,060472164;-1,851382655;;-0,468254368;;-0,031789499;;-2,042801026;-1,055408067;-0,527155036;0,339903035;-2,548940321;;-1,996903962;1,437157604;0,256732614;-0,539530976
1980-Q3;;;;-5,248280878;-0,082263561;270452,3553;;3,796627783;;;0,459638532;0,811706142;0,521108012;0,083677275;-0,342024614;-0,063224119;-0,396722368;;;;;;;;;1,712013689;;;;;-0,97938113;2,158764803;;-0,118847117;-0,671178065;;4,987859166;;-0,114812067;;-1,801471099;0,290404708;2,239931727;-0,396523201;-1,327637339;;-0,104192715;1,246395178;0,529970037;1,892977664
1980-Q4;;;;3,933985799;-0,13110739;270097,7723;;-1,956995266;;;0,616918805;0,794660096;0,055054768;0,852303473;1,670542679;-0,250089534;-0,132760006;;;;;;;;;0,22477213;;;;;-0,20455512;2,895866373;;1,864925605;2,32044404;;-2,717548424;;1,380163092;;2,159624147;1,16376839;2,125487999;0,580015819;0,635820231;;-1,092661354;1,053250514;1,735151424;-2,765761869
1981-Q1;;;;-1,9655566;0,437482897;271279,4039;;0,614161716;;;-0,107765661;0,795555584;-0,692629498;-0,570495427;0,447068635;-0,2974888;1,189866492;;;;;;;;;1,242016816;;;;;0,022401138;2,232972009;;1,959429461;-0,963370163;;-0,188211986;;2,20395557;;1,693172147;1,053311607;0,613078575;-0,566186107;0,156386759;;-0,053992264;0,94494664;0,376216412;4,115111914
1981-Q2;;;;-2,213851554;0,661125673;273072,9017;;-0,062042613;;;1,038152504;0,821783501;1,006343855;0,194997387;0,080633903;-0,203181542;-0,249632331;;;;;;;;;2,183854895;;;;;1,457925747;2,591142862;;-0,741063613;-0,025646662;;1,171099643;;1,123957546;;0,414882336;0,216164827;1,223762939;-0,110718617;-0,734481366;;0,226214744;0,93939076;1,545513575;2,415542796
1981-Q3;;;;2,852290237;0,652329577;274854,237;;0,767286781;;;0,517566134;0,886525853;-0,069449232;0,046310302;-0,171095832;0,023791301;0,263433962;;;;;;;;;1,455404361;;;;;-0,428832296;0,522758414;;1,19752521;-0,914354821;;0,495389445;;-0,897752489;;-1,247105515;0,642432793;-0,222416724;0,444684894;0,612585924;;1,093149289;1,036372629;2,010750169;4,162809598
1981-Q4;;;;4,002315248;0,470078051;276146,2664;;-1,122507363;;;-0,436565019;0,884651392;-0,631448105;0,811647168;0,486619108;0,271147484;-0,078831451;;;;;;;;;0,623884852;;;;;0,267780554;1,791577285;;-1,089564087;0,079519186;;0,395334082;;-0,457822775;;-0,025564972;-0,064809538;0,729939813;-0,099841043;0,186660427;;0,122461731;1,048177078;-0,388513409;1,568787799
1982-Q1;;;;-1,929876252;0,887648139;278597,4736;;0,284035978;;;-0,744492301;0,718008324;2,028279293;-0,039523113;2,426235309;0,406863649;0,37467052;;;;;;;;;-0,926379164;;;;;0,133523775;-1,92678781;;-1,553544479;0,93868953;;0,622265435;;-1,176410874;;0,700604368;-0,288364543;1,532500574;0,411598396;1,317726467;;0,178475594;0,79154092;-0,823670881;0,678619182
1982-Q2;;;;-4,11262998;0,663572681;280446,1703;;2,112290025;;;-0,574067716;0,428377027;0,293478183;-0,284173742;-1,344646584;0,416661926;-0,615593473;;;;;;;;;-0,83441653;;;;;0,269399923;0,152382125;;0,456198515;-2,432907407;;0,985602474;;-1,157146926;;0,01010283;0,251889118;0,686562871;0,379789937;1,182819965;;1,052334322;0,324272604;0,901500826;2,348344979
1982-Q3;;;;-1,02351651;0,050707571;280588,3778;;-1,241488584;;;-0,763398653;0,010146713;-0,067676747;-0,053487539;0,459236425;0,333060201;-0,988403773;;;;;;;;;-0,025570619;;;;;0,112673273;-0,719204541;;-0,382299274;1,108880425;;1,086020477;;-0,876514444;;-0,029486364;-0,150946557;0,437004283;0,67320739;1,034116321;;0,244521888;-0,367662187;-0,67241959;2,07400645
1982-Q4;;;;2,824431508;0,509486179;282017,9368;;1,948384164;;;-0,300590204;-0,340809339;-0,174900526;-0,290768813;0,810506112;0,304403446;0,239588883;;;;;;;;;-2,114040461;;;;;-0,633301019;-2,194228615;;0,039946274;-2,100653207;;1,268398883;;-0,922628586;;0,319802929;0,200673552;1,389602027;0,352495983;0,019956408;;0,696929819;-0,961782849;-1,572078679;3,146901625
1983-Q1;;;;-1,198966939;0,57524267;283640,2243;;-1,131415266;;;0,878616947;-0,399075644;1,213791378;0,279768455;0,922716297;0,500740065;0,906269548;;;;;;;;;-1,54348066;;;;;0,018049094;-0,739376103;;1,317847576;0,832132838;;0,116838809;;1,672805457;;1,892555549;0,808079113;0,06306144;0,365463092;0,513853697;;1,852809341;-1,086195675;-1,010023818;4,430468416
1983-Q2;;;;-3,124675415;-0,040571029;283525,1485;;0,78839975;;;0,186722737;-0,160622964;1,308601504;-0,120408691;-0,894686478;0,904903114;1,052777518;;;;;;;;;0,415254266;;;;;0,047185122;-2,01071468;;2,275612439;2,716420716;;1,050322099;;1,965445626;;1,103167097;1,103173188;0,751951743;0,617609594;1,641518999;;0,827410883;-0,728979951;-0,183993824;3,087699961
1983-Q3;;;;2,355211665;0,081504971;283756,2356;;1,127330251;;;0,435536475;0,365866648;0,838428419;1,862228848;-1,500339839;1,530275988;-0,208367803;;;;;;;;;1,152778503;;;;;0,834639932;0,830142741;;1,999064294;1,47510981;;0,919295976;;1,118398007;;1,38234478;1,31880257;1,496253621;0,147060704;-1,290314265;;1,08345755;0,095576801;2,788197533;3,713597355
1983-Q4;;;;3,310113654;0,579302068;285400,0413;;2,014711165;;;0,349783064;0,949442595;1,013589137;2,216799557;-0,652490849;2,017614358;1,383273921;;;;;;;;;2,536371796;;;;;1,11730004;1,150445915;;2,086217479;-0,701583523;;-0,242607342;;1,260197667;;0,037273945;1,433844119;0,83312633;0,646116914;2,339343054;;0,852220362;0,991969712;1,677953348;0,715888069
1984-Q1;;;;-0,643852978;0,614975103;287155,1805;;2,256875815;;;1,19473237;1,323472594;-1,317603741;-0,196112871;-0,770611829;2,008825017;1,322572601;;;;;;;;;1,696766485;;;;;0,404556436;2,760114021;;1,954770289;1,676444412;;1,578488505;;1,720298067;;2,682463541;1,447274979;1,15167553;0,827201218;1,298158981;;0,697636436;1,488003664;2,50869533;4,381299676
1984-Q2;;;;-2,588699527;0,371095595;288220,8008;;-1,513563096;;;0,497644414;1,460845341;-0,705957587;0,321964637;-1,034333756;1,562180116;-1,575206402;;;;;;;;;2,077491808;;;;;0,152870268;-1,471891339;;1,727792663;-0,058949625;;0,135519718;;1,955921331;;0,620679855;0,670995578;1,514425641;-0,308284679;1,267804499;;-0,882030369;1,535971926;1,122581577;2,506439485
1984-Q3;;;;3,039879871;0,464507836;289559,609;;1,322052833;;;1,7509008;1,409504901;0,91992237;1,177467534;2,404084272;0,740315982;2,723287578;;;;;;;;;-1,657470107;;;;;0,286767681;2,421554744;;0,964063628;1,093892434;;0,893219651;;0,420533849;;2,895367311;1,215314114;1,222067612;0,870915218;0,912187488;;0,64091575;1,224880414;0,848355048;1,363243714
1984-Q4;;;;1,199735651;0,284330482;290382,9152;;0,929832508;;;0,811258481;1,201564066;0,95028883;0,01604437;-0,2316478;0,038899643;0,841814285;;;;;;;;;0,154612647;;;;;0,644336748;-0,881230455;;0,820857146;0,183878781;;1,180415828;;1,584483871;;2,077149881;0,643439135;0,172601927;0,127632419;0,465100265;;1,960829859;0,819432844;0,701998631;0,486023902
1985-Q1;;;;-2,684147955;0,121464403;290735,6271;;0,138870664;;;1,1747838;0,866556749;0,480319771;0,571727581;1,088803087;-0,025472148;-0,545070922;;;;;;;;;-0,595775596;;;;;0,427656259;1,829112115;;0,969072301;0,368847396;;0,689380883;;1,51940209;;1,960690155;0,9722419;2,450569896;1,115984954;0,317686043;;0,799623349;0,588964392;1,44634635;2,810896317
1985-Q2;;;;0,154857359;0,639730206;292595,5507;;1,056977679;;;0,855004022;0,461224127;0,155684194;1,320883135;0,973922931;0,546865216;1,002247959;;;;;;;;;-0,727141963;;;;;0,365211577;-0,086641166;;0,880466353;1,972851315;;1,127935045;;0,318739387;;-1,373830807;1,073436922;2,024950032;-0,093929207;1,610371546;;2,137637487;0,564402476;2,211635629;2,408892709
1985-Q3;;;;4,801745465;0,752372548;294796,9593;;1,103460017;;;0,139898325;-0,025823585;1,484461339;0,801015883;-0,373988317;1,739756298;1,302408149;;;;;;;;;-0,263979032;;;;;0,677149728;0,625404543;;1,527121263;-0,974238714;;0,499088621;;1,268698772;;2,907229393;1,161193511;1,308559679;1,036666832;2,179652219;;0,091829396;0,742035808;1,351374255;1,137674121
1985-Q4;;;;3,88341557;0,322440391;295747,5038;;-1,004893611;;;0,9132554;-0,411335987;-0,416358753;0,666795973;1,587131687;2,866838608;0,599977251;;;;;;;;;1,069340316;;;;;0,517968412;-0,271496552;;0,743327344;2,446499155;;0,168415598;;1,534781494;;0,964978631;0,821083432;1,328426309;1,148468301;1,901622049;;0,236179275;1,061648587;-0,245823509;3,048656647
1986-Q1;;;;-6,376633213;0,359365164;296810,3173;;2,023470286;;;0,534149395;-0,476883795;0,89439608;0,6231799;1,321063257;3,202975963;-0,57204937;;;;;;;;;-1,191395651;;;;;0,547889625;-1,92823854;;0,933524708;0,176768535;;0,060355234;;-0,030061903;;1,874972711;0,442762533;0,397646389;0,28204135;0,865081814;;1,132900807;1,461927375;0,638704486;1,925429551
1986-Q2;;;;2,67650975;1,125299055;300150,321;;0,500524353;;;0,480621358;-0,220145043;1,209921631;0,646812678;1,128379966;2,819251519;1,150684662;;;;;;;;;0,690410026;;;;;0,203576123;-0,373519773;;0,450377363;1,732328888;;0,43515726;;0,568484015;;-1,356155484;0,639801353;-0,245688838;2,381555918;-0,296741302;;0,741475755;1,905118594;-0,177680054;3,897172975
1986-Q3;;;;-1,460956352;0,326663944;301130,8039;;0,489035763;;;-0,088404836;0,349549576;0,081471992;0,998122617;0,535233507;1,88521542;0,738239227;;;;;;;;;0,225035091;;;;;1,230936529;-1,898208827;;0,956992886;0,253506563;;4,358457381;;0,126214599;;2,610107478;0,674431844;0,585787749;-0,705039025;-0,039017767;;0,4585683;2,438086319;0,282012916;4,317175112
1986-Q4;;;;2,718685968;0,36940724;302243,2028;;0,303682301;;;-0,130248837;0,987010685;0,074006433;0,410590175;1,600706368;0,897677378;0,997108218;;;;;;;;;0,419882585;;;;;-1,156201418;-0,273023038;;0,536985718;-1,274309195;;-1,874460476;;-0,722101968;;0,547564819;0,615235983;0,788721108;0,638803135;0,367632584;;1,791063001;2,747322694;1,657921303;1,559825819
1987-Q1;;;;-4,286339826;0,24639691;302987,9208;;0,45626201;;;0,175169724;1,404725829;-0,852827057;0,40962454;1,805396508;0,39014948;-2,509804892;;;;;;;;;0,72728254;;;;;0,706357821;0,597476046;;0,74501963;0,239278793;;0,766620586;;2,307193327;;-0,418688258;0,324972704;-0,071725638;2,048184242;-1,569174494;;0,939931199;2,547970949;0,955394898;3,211522029
1987-Q2;;;;-1,894337321;1,150525549;306473,8742;;2,212031342;;;0,754633327;1,567871274;1,764855166;1,514381795;1,60081077;0,428521307;2,244993958;;;;;;;;;0,356603187;;;;;1,111189178;2,736231087;;1,078842316;1,642375645;;1,741914027;;1,291592995;;2,197283666;1,634235613;2,0955948;1,49605753;3,024836903;;1,463181038;1,964998593;1,572751938;4,953211831
1987-Q3;;;;0,298791019;0,685332959;308574,2407;;1,136551934;;0,542702085;1,259434287;1,556645286;1,214960389;0,288641596;1,547363343;0,946731365;0,69212071;;;;;;;;;0,364927876;;;;;1,397512752;0,107060851;;0,867566856;1,146136544;;0,388182895;;1,522052283;;-2,607621844;1,10743761;2,000277551;2,065202533;-1,381495735;;2,421152356;1,039469583;1,813383279;0,975698471
1987-Q4;;;;5,882251649;1,688784591;313785,3949;;0,311079872;;0,461647727;0,782846691;1,428591408;0,810184811;1,075995276;1,19749144;1,654540177;1,599900168;;;;;;;;;1,227631694;;;;;1,290633452;1,208326572;;1,717036096;0,814297627;;1,970042331;;1,291892412;;1,813583314;1,82214987;2,574799235;2,045736097;0,595971644;;1,11098778;0,103175991;2,028806756;2,035328587
1988-Q1;;;;2,302850916;1,230794918;317647,4496;;0,47846826;;-0,385295157;0,249713375;1,270740591;-1,010978113;1,471709696;4,556632001;2,22271802;-0,906972722;;;;;;;;;1,502943309;;;;;0,990360014;-0,675506228;;0,516654167;0,131301948;;1,273351429;;1,457933086;;-0,37338757;0,835717829;2,387212705;0,321543408;0,98007254;;1,735826963;-0,472976227;0,424636063;7,703239327
1988-Q2;;;;-3,711946586;0,59436677;319535,4405;;0,193406783;;-0,475497676;0,626401069;1,136569822;1,835161278;0,635269809;0,454994464;2,612814571;1,812832048;;;;;;;;;0,710055327;;;;;0,932079886;-0,320852788;;1,313900617;0,76187219;;0,804067636;;0,885658372;;-1,533099202;0,699206444;-0,145997226;1,22318158;0,055030685;;0,548027624;-0,62217562;0,071918594;-2,1607374
1988-Q3;;;;0,739640086;1,306439382;323709,9773;;0,165338555;;0,228188398;1,136737564;1,018049402;1,661264342;1,313966057;0,762612717;2,880656406;1,133075704;;;;;;;;;1,34491922;;;;;1,228906465;0,123422488;;0,585928314;0,851588504;;1,231671554;;0,009098695;;0,844981495;1,063341246;2,230947392;1,802907916;-1,90125445;;1,484552846;-0,413715371;0,816530408;3,145655266
1988-Q4;;;;1,817496476;1,055199262;327125,7626;;2,116756794;;-0,875102273;1,750111656;1,010502067;1,183299725;1,193897196;1,319190173;2,926296302;1,177546594;;;;;;;;;0,938980474;;;;;0,979884921;1,992230561;;1,332500553;0,930330374;;1,850135187;;0,697440592;;0,143202542;1,17248514;1,053823715;-0,224281664;2,460192868;;0,832518866;-0,057924087;1,581411339;3,254636181
1989-Q1;;;;3,492845301;1,258680059;331243,2293;;0,164711547;;1,277588373;0,317756372;1,206530316;0,823139698;0,621204493;3,766029175;2,648368327;1,045142904;;;;;;;;;0,619315947;;;;;0,76019039;1,873677883;;1,016597674;1,517731509;;1,19458455;;1,14072018;;-0,653577383;1,226021165;2,698039962;2,358130461;1,130299648;;0,407737802;0,198630532;1,014801469;0,043277553
1989-Q2;;;;-1,108916435;0,829536821;333991,0139;;0,675412149;;0,577584069;1,809704335;1,581667362;0,475649301;0,432396865;-1,41413539;2,140820765;0,402547977;;;;;;;;;0,433857416;;;;;0,961123679;0,038205539;;0,763265657;1,245802409;;1,757607555;;0,382183085;;1,17940318;0,389964277;-1,30573169;0,984088837;-2,001584299;;0,626372861;0,315227277;2,109230656;1,460586398
1989-Q3;;;;-1,374559638;1,085464579;337616,368;;0,030821689;;-1,123872604;0,715132684;2,164625023;0,829097953;1,042437027;1,972954215;1,463473366;0,913245256;;;;;;;;;0,080345162;;;;;0,37144843;1,864123977;;0,740876994;0,87768189;;1,178506979;;0,357792585;;0,972886657;0,986468607;1,749678162;1,339679544;-1,486353377;;0,067311473;0,322138084;0,841994538;2,564383464
1989-Q4;;;;4,286397704;1,520513211;342749,8695;;1,307210199;;-0,192410476;1,31966816;2,593530417;1,300395898;1,029139679;0,832613301;0,900854462;1,158805549;;;;;;;;;-0,618832123;;;;;1,298638289;-0,881771666;;0,197050974;0,80527414;;0,047319186;;-0,213453123;;0,700081257;0,97157825;3,098252201;-0,166005345;1,6576394;;0,067894851;0,280219594;-0,26986808;4,129775627
1990-Q1;;;;0,943453928;0,509619164;344496,5885;;0,212357079;;-0,171361251;1,718724572;2,525290337;1,232355365;0,398617358;1,017439357;0,788354081;2,075706554;;;;;;;;;0,080051424;;;;;1,563246317;2,174244872;;1,092795416;1,253436712;;1,354072902;;0,942760141;;-0,363767302;0,951210427;-0,475764015;0,87601898;-0,555739332;;0,648018721;0,261792364;0,794042998;1,01855052
1990-Q2;;;;-2,784215709;0,38210956;345812,9429;;-0,305109459;;-0,014304617;0,583434107;2,059279618;1,078142771;0,304784304;1,870296778;1,144335786;0,491660084;;;;;;;;;-0,082522011;2,46526052;;;;-0,353727874;2,169802353;;0,36291179;0,83691369;;-1,376299839;;-0,41411306;;1,080264384;0,919319753;3,153970057;1,699634141;2,248686049;;0,490921234;0,279188306;0,126141221;2,23062202
1990-Q3;;;;-6,848247815;0,465876318;347424,0036;;-0,792884966;;0,912049787;-0,365506245;1,257670078;0,826362616;0,160344602;0,698606862;1,933530546;2,105934971;;;;;;;;;-0,084042341;1,005079199;;;;0,132864989;1,364136563;;0,066512432;1,362324985;;-2,14259536;;-0,707548459;;-0,983428603;0,37145125;1,676741547;-0,29846911;0,288459453;;-1,059967515;0,327839303;-0,570961316;3,232927558
1990-Q4;;;;10,42788799;0,360308929;348675,8033;;1,13594325;;1,169632098;-0,432186418;0,45468201;0,683751202;-0,649584431;2,658981232;2,632888285;1,760421133;;;;;;;;;0,092815014;1,332367733;;;;1,213353942;1,270953872;;-0,910394541;0,792733374;;-0,573305292;;-0,891196884;;2,677670275;0,251969679;-0,189979697;3,78168337;-1,073961938;;-0,360665206;0,31654637;0,592887265;2,033266271
1991-Q1;;;;0,425654387;-0,152138798;348145,3321;;-0,31136664;;-2,424327354;0,14597322;0,02482338;0,692705087;1,973555466;-2,330576906;2,708053464;2,834538856;;;;;;;;;-0,795422603;3,56899132;;;;-0,431525413;0,275608267;;-0,467867584;-0,406317571;;-1,950046361;;-1,427068555;;0,848660489;0,117692652;0,871317214;-1,921754413;0,295591234;;-0,315031078;0,148932074;-1,291435742;3,750176278
1991-Q2;1,023848599;;;-1,718026457;0,300978988;349193,1764;;-1,147189466;;-0,678586816;-0,95559206;0,022640762;0,9121643;-0,547240957;1,962589301;2,245888829;-0,529306039;;;;;;;;;-0,225649346;2,555983803;;;;1,167532986;1,530225799;;0,779718038;1,172009654;;-1,196843878;;0,466260689;;0,522850829;0,579873009;1,186411273;1,219274668;1,078705412;;-0,148848557;-0,147785638;-0,164203612;1,661478045
1991-Q3;0,478602397;;;1,849350809;0,298736199;350236,3428;;-0,485888327;;0,318114449;0,000120258;0,387840267;1,109097288;0,035820181;1,073590737;1,345213026;-0,218317666;;;;;;;;;-0,038785793;1,339736366;;;;0,674732007;0,185943273;;0,505338431;0,408864799;;-2,057785488;;0,133908241;;-0,244288273;0,289676404;-0,22137912;0,755272475;0,740823925;;-0,242120788;-0,591563996;0,435059423;2,145297059
1991-Q4;4,200337387;;;-0,378222805;0,48563659;351937,2186;;-0,154936158;;0,648625275;0,354934987;0,84502496;0,611831277;1,173646349;0,023666545;0,419942052;1,299062392;;;;;;;;;-0,172064954;1,533548928;;;;0,505904356;1,806169428;;0,348563902;1,109336867;;-1,17266231;;0,184531308;;0,733193119;0,637326852;0,702333496;0,497512438;-0,985146169;;0,151018582;-0,98579378;0,060990251;2,503572026
1992-Q1;1,796546481;;;2,217449177;0,974022522;355365,1664;;0,91757324;;0,297160861;0,755019268;1,078896145;0,383703805;0,268945671;1,768950341;-0,075740707;1,52198092;;;;;;;;;-0,700747897;1,091365275;;;;1,401939339;-0,008741365;;1,197157574;0,707698191;;0,321364563;;0,072893567;;2,126588807;0,871872317;0,031100621;0,997700538;1,441056024;;-0,012037926;-1,109030913;0,763593256;1,780392603
1992-Q2;2,185780709;;;-3,066086596;-0,058183005;355158,4043;;-0,513647649;;0,007139287;-0,398921486;1,070612909;0,479170189;-0,057245116;-0,919372036;-0,073511391;-0,771180323;;;;;;;;;-0,613372611;1,290625138;;;;-1,215734014;1,639826199;;1,084320604;-0,918964154;;-1,124253065;;0,122114907;;0,521493005;0,297118871;0,35015406;-1,303955142;-0,798038372;;-0,137819162;-0,95095968;0,716367863;0,701694982
1992-Q3;4,279387946;;;1,547949806;0,030030426;355265,0599;;-1,447435642;;-0,770988007;-1,018233447;0,862660013;0,079118778;-0,222055678;-0,345960037;0,357165266;-0,174189929;;;;;;;;;-1,157736308;3,468742828;;;;0,308941233;0,928578032;;0,988107189;0,30420957;;-0,816173951;;0,53698518;;1,310034822;0,506383954;0,117664944;0,0638667;2,712643035;;0,61390373;-0,519061305;0,988403988;0,067624061
1992-Q4;-1,060264504;;;-0,532170776;-0,229110761;354451,1094;;-1,372299789;;1,262589928;-0,765575854;0,616840493;-0,302467443;-0,689307199;-0,159542129;0,920053031;-0,322148143;;;;;;;;;-0,849714498;0,502289408;;;;-1,232574249;0,083307471;;1,042879871;0,376704761;;-0,706680486;;0,568910538;;-0,715831064;0,261763342;-0,63750149;-0,651596125;-0,440450662;;0,66754748;0,034808005;2,069850428;1,560677644
1993-Q1;3,062305112;;;-2,653931022;-0,551392471;352496,6926;;-1,82348395;;1,644701787;-0,155093687;0,500612148;-0,239480654;-0,13946524;-1,318634595;1,277108781;-0,720495046;;;;;;;;;1,285733289;1,921953626;;;;-0,759719272;-0,028183147;;0,166979092;0,615912517;;0,234073512;;0,639946265;;-0,657955685;0,217497738;1,126858466;-0,932984303;-1,201042066;;0,690059139;0,530908061;0,709297951;1,990657829
1993-Q2;0,891395095;;;1,7093619;0,037423362;352628,6088;;1,301117814;;2,212203816;1,105270328;0,530791567;0,570548661;-0,241254257;0,050113557;1,392368245;-0,027127149;;;;;;;;;0,682763862;1,146154392;;;;1,010258312;0,2651562;1,3909376;0,582113453;0,249895847;;-0,192501893;;0,910433228;;1,736165313;0,425536226;-0,633145863;-0,00677533;-0,413519134;;0,47472243;0,904943833;0,583577819;2,565331673
1993-Q3;2,097128351;;;0,340400849;0,133983885;353101,0743;;1,364710026;;2,027558382;0,354940896;0,713412997;1,019556979;-0,157708891;0,695529051;1,336455741;0,59701302;;;;;;;;;1,282386428;3,35959042;;;;0,31644804;1,012703174;1,159824799;0,477156587;0,817258299;;0,572295823;;0,953047096;;1,992487571;0,391854374;-0,717862391;1,203186557;0,165747008;;0,784885611;1,210698929;0,122741622;1,843683328
1993-Q4;1,183246985;;;0,19928804;0,267874176;354046,9409;;-0,166831901;;0,931635389;0,595240256;1,002046454;0,70270054;0,73313065;0,335461909;1,162644387;-0,09441251;;;;;;;;;0,853492158;3,340132525;;;;0,952396909;1,311540772;1,506506636;1,36007556;-0,620387229;;0,754527163;;0,431683602;;3,557989504;0,869915136;0,630002484;0,376845971;2,188264271;;0,66848534;1,34170469;1,836605446;1,913663988
1994-Q1;-0,142877365;;;-0,792530175;0,729334852;356629,1286;;1,142023089;;1,517365031;0,496256096;1,350757536;0,321515999;0,761668611;0,33869414;0,949749123;1,397299051;;;;;;;;;-0,047133474;0,913822294;;;;0,70359509;1,040300968;1,788229087;0,97031284;1,49653161;;0,664628058;;1,473568699;;-1,140091879;0,947110111;0,900698594;0,827092028;1,222447407;;1,165132687;1,202459074;1,633351102;2,916855703
1994-Q2;2,965365686;;;1,218187105;1,091590217;360522,0573;;1,018929546;;0,663941128;-1,035444843;1,729523864;0,172232155;0,723639097;1,295817808;0,753364699;0,239649208;;0,967110121;;;;;;;0,975661962;2,742164279;;;;1,149795769;2,104168348;1,218534052;1,355099752;1,150384582;;0,867921019;;1,461328599;;2,328807905;0,551383734;-0,574447247;0,219252651;2,928826792;;1,142664085;0,853415134;1,198442287;1,631592096
1994-Q3;0,76188735;;;2,682229849;0,539512337;362467,1182;;1,160904234;;1,712262005;1,074304501;2,188891878;0,906741452;0,623469259;0,452189918;0,557057233;0,70394541;;1,359144477;;;;;;;1,124515257;-0,037292014;;;;0,279731148;0,76064864;1,899671272;0,584536016;0,758168233;;2,283273409;;1,278408105;;-1,358435673;0,897375234;1,172163649;0,793995059;-0,468871678;;1,088298627;0,306349476;0,771360332;1,682199111
1994-Q4;-0,419120792;;;-0,82163945;0,888425432;365687,3683;;1,517095444;;1,328861204;0,49572577;2,532276072;1,350074333;0,938947453;1,201951322;0,383915746;1,17382955;;2,186255117;;;;;;;1,858295375;-0,051385778;;;;1,682112024;1,153387771;1,416354765;1,145518265;0,946897658;;2,517726235;;0,729647389;;3,952007956;0,967319789;-0,395705575;0,374223486;2,508937106;;0,54227407;-0,182250763;1,044894461;3,930438208
1995-Q1;3,56697933;;;-0,040633383;0,568221066;367765,281;;1,280260541;;1,213707008;-0,3923386;6,302186399;0,836180191;1,255574938;0,174836529;1,175591279;-0,332409422;;1,708041588;;;;;;;0,24994674;5,370421692;;;;-0,055348257;-5,7358949;1,516132899;0,35469547;0,680302747;;-0,826446281;;0,929487425;;-0,781159062;0,384444243;1,105735557;1,142035499;0,514218948;;0,368565149;-3,004450734;0,039870548;2,090489418
1995-Q2;-0,529899767;2,127133976;;0,947533377;0,480551528;369532,5826;;0,444650223;2,757814856;1,277019872;0,080065495;0,774870745;0,424044226;0,07015135;1,179121107;1,049264784;0,732503229;1,807788791;0,395624855;0,559397362;1,082194;;0,557683;;;0,287484075;2,037694754;;;2,433780552;0,42061728;-4,894967622;1,665251621;0,298305699;0,784550155;;2,686170213;0,212439021;0,040377509;-0,189457186;0,872547564;0,36343159;0,920809824;0,620257229;-0,286098332;-0,988348103;0,36311861;2,721451777;0,401938463;2,021824591
1995-Q3;-0,029741278;0,013409642;;0,537860114;0,079497897;369826,3533;;0,502689819;0,489260671;0,922622709;0,489898669;1,043783985;0,226812689;0,444805928;0,433832717;1,039608695;0,194780866;3,560366776;2,919067488;-1,058142479;0,394949;;0,220861;;;0,663462949;0,38897581;;;1,240407288;0,599565735;1,888289487;0,584392891;0,850664868;0,785696194;;-0,451811563;0,200106825;0,131784833;-0,002579229;2,356398183;0,852406444;1,190638999;0,403677327;0,4170515;-0,33768782;0,983747914;-1,114206821;2,256286818;2,075873115
1995-Q4;0,410677774;2,047306325;;0,579167974;0,166964758;370443,833;;1,010978132;1,839741522;0,670404681;0,057806563;0,308101414;0,344772176;0,828152898;0,677522441;1,070725294;0,025917782;-0,147728313;-0,770604418;0,170193689;0,544305;;0,353297;;;0,336366655;1,369192634;;;0,881996027;0,206090819;1,909210131;1,902757339;0,679036536;0,712376003;;0,049144311;0,229534425;0,409812959;-0,413354617;1,233719659;0,560337958;0,249161484;0,76005554;0,731687334;1,169999279;0,231353272;0,092391407;-0,026017147;1,870552316
1996-Q1;-0,037877459;1,281126903;;0,542957052;0,629115072;372774,3509;;0,687173907;3,079251895;1,404528393;0,547105027;5,610887571;0,686536767;0,220015719;0,78990095;1,186705089;-0,829258591;2,95812535;2,387550883;-0,108140715;-0,002345;;0,194293;;;1,852498307;1,687402878;;;1,686201474;-0,201498034;2,702053988;1,689966634;0,748971329;0,410827909;;1,80299922;0,670233098;0,06880559;0,617126645;1,510334003;0,727490181;0,812515258;0,591061032;0,015030293;0,899313856;0,5543116;4,606983639;1,643637565;1,908135199
1996-Q2;0,023405083;-0,320961137;;0,573881042;0,170914859;373411,4777;;-0,834681849;1,184746178;0,889552239;-0,393257795;1,206737005;0,86293666;-0,105363425;1,199491897;-7,017608955;1,358769899;2,194463545;0,704964345;-0,084485083;0,721561;;0,707341;;;1,19135893;3,216570103;;;1,387341302;0,701793472;1,310054222;1,181148632;1,667883947;1,114967157;0,881116042;0,789033009;1,149485029;0,696292748;-0,610245412;-0,137003578;1,135737053;1,258776417;0,738336268;2,708013266;1,70264148;0,21065647;0,33778459;0,686406788;2,020152462
1996-Q3;1,650336393;3,274973142;;1,360099317;0,617350454;375716,7352;;0,487194845;1,171627832;0,6568436;-0,309821957;-1,346388944;0,342162323;0,148144048;1,356809474;7,757616145;0,360923854;0,870041743;0,42206663;3,487757898;0,526199;;0,542863;;;1,191484164;1,872110621;0,48898;;1,221262489;0,46045354;1,681706441;2,50226964;0,897010936;1,400073112;3,922927469;0,58010194;1,302319717;0,863973279;-0,148657814;3,332387583;0,741202893;0,137356387;0,856899433;0,282819107;3,18053704;1,102764766;-2,063247859;0,774561761;1,758931416
1996-Q4;1,49072656;0,727059883;;1,059410818;0,123509359;376180,7805;;0,663644165;1,323898587;1,308054086;0,624416619;0,82451316;0,148838059;-0,304402667;0,282339693;1,347940445;0,73207547;-4,057881776;0,124436712;5,204359416;0,35373;;0,436623;;;0,938171466;3,246263562;1,58557;;1,594395927;0,78868044;3,016404979;1,967492187;1,038397649;0,710941146;-1,027533201;1,873057648;1,743782625;0,80536636;1,25671185;-1,604256587;0,974110046;1,125136719;0,533380986;0,034009024;2,032044656;1,542455669;2,312791536;0,923611779;1,691579214
1997-Q1;-0,01753153;1,862250622;;0,570901131;0,303915839;377324,0535;;0,889122199;1,094454032;-0,377194255;0,839036355;6,414112486;0,560928494;0,335582871;1,644745127;0,631238841;-0,535561393;7,209740156;-0,395369789;-0,841579004;0,405812;;0,258161;;;0,46421678;-1,251111353;0,75236;;1,099180974;1,002376205;0,1824616;0,990942654;0,645560777;1,090973276;0,977035939;1,1790249;0,533504061;1,319174451;1,001561671;2,685025115;0,623449542;0,254521742;1,015318654;1,255106285;3,625719642;1,793340214;4,414953262;0,621085968;0,46806387
1997-Q2;2,884125218;2,961478617;;1,714354301;1,151480138;381668,865;;1,208287652;2,347896321;1,960099024;0,495596758;3,824034023;0,323404817;1,327081722;0,908618014;1,210765539;1,294704697;1,372424434;-0,32452368;4,209931027;1,224749;;1,240236;;;0,627410873;1,309338395;0,40985;;0,58849035;1,546782044;2,294779083;1,485834345;1,661978105;1,041229521;0,691822576;1,518402825;2,265829853;1,129631513;1,024139143;2,412160057;1,276888416;-0,76448277;0,907001669;1,717487195;4,202834212;0,845069653;0,600461707;2,973065713;3,550552773
1997-Q3;1,053058442;2,540749869;;1,595103859;0,784653059;384663,6414;;0,763379272;2,369164555;-0,245658135;1,215656037;1,070468591;1,232785318;0,67142846;1,300962327;1,135210979;0,341682942;-0,257965483;-0,679383788;1,763174709;0,711186;;0,776149;;;0,099423795;1,871090663;1,19283;;-0,037633401;0,881444397;1,900580061;1,658959823;1,250778573;1,45275968;1,234085521;2,357253706;0,881893622;1,183433842;0,896449332;-0,107436238;0,902581845;0,207093575;1,18948225;-0,282299164;2,693308853;0,679984498;-1,247558344;0,141335448;0,791744376
1997-Q4;3,169129562;2,337930777;;0,953433782;1,091080671;388860,6321;;2,012351731;2,045482837;-0,194719661;0,726955186;1,173202099;1,074385033;1,780133338;0,672324286;1,120175665;0,718877903;1,676092015;-0,173625038;0,286663252;1,1182;;1,126235;;;0,013815329;-0,513920728;1,60086;;1,784735335;0,556978064;2,479083051;-0,527163729;0,858743563;1,282980368;0,774451661;2,946020128;0,38255042;0,968322222;0,8518754;1,412751042;0,930212139;0,042159108;1,379162685;-0,013656432;3,13191919;1,197077698;2,886175782;1,446165615;-0,455994331
1998-Q1;2,38938153;2,075373719;;1,20090361;0,840875955;392130,4676;;0,395810753;-0,405949578;-0,562345785;1,026898476;3,726504834;0,750805164;-0,721675503;1,447666569;1,072219919;0,945330748;2,7752889;0,013075171;5,626878503;0,70657;;0,645633;;;0,262703844;-7,357209728;1,63007;;1,410628668;0,259883446;0,924655335;1,763971432;0,999375401;1,349037285;-1,921702951;-0,728759332;0,630603839;1,41241503;0,863226539;0,964863384;0,41761039;-1,22251802;0,876198914;1,507787696;0,818750442;0,688948887;-2,510129028;0,673375284;-6,818021985
1998-Q2;-0,028912705;1,433591266;;0,442313892;0,93049223;395779,2111;;1,361730799;2,002304607;0,493392579;0,972073678;2,398404484;1,073411183;0,560939403;1,535719128;3,511903992;-0,434128062;-0,267048575;0,266507969;-0,400834059;0,436228;;0,461225;0,37364;;0,141425317;-7,838990038;1,31074;-0,796542956;0,108854001;0,332521666;0,714785423;0,015629207;0,925820507;0,715690359;1,60378594;2,01816089;0,695522471;0,053398141;1,501335484;1,133135065;0,468614716;-0,441924884;1,1279904;-0,7552173;-0,565284443;0,71752196;10,15188443;0,917544576;-0,807932069
1998-Q3;0,726859301;0,927672642;;0,349172632;0,68883515;398505,4775;;0,545125566;-0,463898366;0,094748629;0,08431964;3,180815391;0,630602933;0,159167729;1,108503881;1,849443206;0,498318833;0,843737828;-0,057180188;-0,943527068;0,620097;;0,595494;0,67471;;-0,219033432;-1,114245198;1,81475;-1,407074898;0,887963924;0,292275574;0,516699414;-0,816661567;1,252764553;0,853584161;0,069816849;1,256142814;0,876550542;0,91021039;0,902313899;-1,793672171;0,715586366;0,182511071;0,944739553;1,837315059;-0,101684278;0,523815644;-0,379347299;1,888914041;1,747151805
1998-Q4;2,553125816;0,031270075;;0,787992764;0,763710039;401548,9038;;1,161683586;-3,508287312;1,012563823;-0,279772026;-3,298702818;0,392662892;-0,491645;0,753210152;0,616306338;-0,43387042;0,21182567;0,090779618;-2,524045207;0,181701;;0,138385;0,797;;0,096284366;-2,792810871;1,31071;-0,258688159;0,896840699;0,223771857;0,134308215;7,524830572;1,616190702;0,915112376;-1,185123089;0,886467748;0,762950195;1,360670376;0,054730607;0,511439293;0,848369978;0,807392473;1,098466848;0,320757081;-1,820649485;0,730094615;3,351885445;1,501691816;2,496049822
1999-Q1;-0,343051095;-1,686128976;;0,762331324;0,50722274;403585,6512;;1,125255482;-0,318760794;1,186994179;0,203249369;6,951456255;0,675514453;0,609564323;1,32919639;2,745075645;1,157924524;0,589096779;0,089339539;3,347996483;0,94205;;0,991255;0,97923;;0,961068944;5,647681199;1,62415;-1,685820218;-0,912097793;1,04496599;1,014377406;-3,336670861;0,943826615;1,666753831;0,32229499;1,649363081;1,644853664;1,813816174;0,070174431;0,723084018;0,632471437;-1,377751145;0,998461242;0,906036323;-0,757954475;0,599685003;-0,248516558;0,74386393;3,03463255
1999-Q2;1,919832267;0,392813086;;0,93320509;0,822714238;406906,0078;;0,652993803;0,273996438;0,827884265;0,661813528;1,637226203;1,304286064;0,357736336;0,52210511;2,159141889;0,000008134;2,321262539;0,346458231;-1,468696298;0,608005;;0,576495;0,91631;;0,795890222;-0,054982737;2,58223;-0,563715666;4,244571729;1,368173585;0,590201095;-1,697177122;0,83500003;1,112901909;0,245167363;0,531208499;4,261600374;0,836544698;1,032228578;0,045625462;0,740341253;0,377784524;1,186014726;0,516383093;0,877411972;0,300501351;-2,494298133;0,323059771;4,383164849
1999-Q3;0,885721728;-1,237903307;;0,382797756;1,223886362;411886,0749;;0,777170282;2,503274545;2,802827878;0,5582533;3,285116218;1,289129246;0,887281301;0,980398873;2,875859911;1,15692041;2,212667794;0,987795514;3,532213244;1,145167;;1,15387;1,16935;;1,091897244;0,273416965;1,24533;-1,686618055;0,36045064;1,452361037;0,975986474;-0,623584833;1,323027026;1,37722889;0,163846299;0,533205236;-2,581225949;1,56467609;1,858170356;2,054725586;1,165731303;0,532914044;1,329460179;0,618053367;1,031385676;1,596845332;0,719855959;1,156003692;2,781170984
1999-Q4;1,625234055;0,193439753;;1,598924514;1,396709589;417638,9272;;1,882803247;2,235365843;1,22377149;2,457188252;1,598725794;0,589349597;1,561980076;0,57433716;-0,408235262;0,766508856;1,953646976;1,045600273;3,37086042;1,196341;;1,148555;1,39098;;1,099982162;0,107211652;1,65076;2,987420294;1,967801426;1,18423025;0,918548087;-0,452630624;1,642779005;1,406875109;1,403555488;0,852903935;1,756105331;1,40669634;1,131370717;1,720275022;1,32936213;0,036253746;1,134278725;1,398796059;2,589983075;1,368329551;4,623918318;1,705063949;2,886255375
2000-Q1;0,940826553;2,164349993;;0,37966256;0,912862513;421451,3964;;0,667591395;0,370176255;1,455051221;0,784237139;1,744497393;1,132952128;1,021350086;2,225468585;5,175644811;1,430876974;-0,341014754;1,357098004;0,752294891;1,155138;;1,21495;1,267;;1,168839972;3,147464302;2,09953;1,574851379;2,207206336;0,711111111;1,878994261;1,064256955;0,364447361;0,62271011;1,05487981;2,982422893;1,046324685;1,59973568;0,834671909;1,478193689;0,99348792;1,69781946;1,599659848;0,975099668;3,798031874;0,986406683;-0,290464965;0,402727643;1,895051738
2000-Q2;0,171570741;1,020644949;;0,921994078;0,98740657;425612,8352;;2,509830539;-0,018166162;0,047454589;0,404985684;3,368167223;0,619977723;0,813409884;-0,528487831;-1,308913481;0,821432516;1,204574724;1,043014547;-0,216413601;0,978164;;0,916428;1,24564;;0,919990786;-0,574923718;0,13491;3,893370357;3,135810053;0,719574385;1,510219435;0,990648568;1,820583008;1,116802889;1,399200264;0,770593242;1,41822984;1,188584709;1,087772867;-1,444122002;1,260119715;0,47372397;1,252231977;1,138417342;2,504250317;0,64698477;1,042824234;0,937647152;1,332510215
2000-Q3;0,823467291;1,505813426;;1,868409667;0,62516349;428273,6112;;0,794328564;1,503206778;0,392632217;0,764469445;1,643179734;0,444564644;0,6135343;1,464864525;1,742455567;-0,023611874;0,387224111;1,360161434;3,169356324;0,540714;;0,539609;0,76057;;0,990394283;2,436406825;1,32769;1,489316422;2,978890285;0,463712377;1,019928134;0,608607702;0,099774128;0,825163363;1,18814327;1,565924032;1,167419285;1,016981788;0,878229107;0,970594383;0,470838823;0,025573978;1,079224244;0,276238214;1,233840652;0,382359938;2,967164183;0,248238663;2,754591172
2000-Q4;0,838124468;1,527494702;;1,418925598;0,812644042;431753,9512;;-0,299675023;1,249744518;0,196860728;1,085995243;0,262297193;1,58193453;1,444006377;0,669401591;0,587565665;-0,307079935;2,932104021;0,405188971;-1,243958836;0,691902;;0,665131;0,76197;;0,850954686;2,875613082;0,04189;1,436633405;-0,090673123;0,977660399;-0,864093765;0,568831483;0,594361755;1,299729479;1,229508165;1,063064683;0,684505641;0,1712074;1,890973899;0,039302633;0,583833423;0,971873743;1,03044539;0,977800167;2,249922117;0,285860881;-0,772665789;-0,355641003;-0,324457972
2001-Q1;1,452404895;2,410439042;;1,237878102;0,548013478;434120,0211;;0,370306559;1,125861501;0,3484138;0,058434799;2,545339441;-0,340230927;0,665264133;-0,312683656;1,631256881;2,010957903;-1,348323529;1,152829325;2,26972658;0,908074;;1,026399;0,45039;;0,614511833;-0,712595937;0,54066;-5,125129608;-1,196496166;0,056388046;0,031618194;0,709582849;-0,324221003;0,108520684;0,370094945;0,489247671;1,260965268;0,529651011;0,698220869;1,169918607;0,259195025;0,742389888;1,061758264;-1,085721803;1,442800325;0,855138138;-0,000818042;1,034255891;1,225554801
2001-Q2;0,185943402;0,357593243;;-0,263573867;0,185123725;434923,6802;;0,00556716;0,789490825;1,422753616;0,534813796;1,703763224;-0,245749465;-0,394784479;0,967446145;-1,245687013;-0,058069487;-0,453087265;0,277069223;4,49676246;0,10062;;0,094702;0,44841;;0,499704416;1,022894734;2,08137;-4,844038717;-0,513712407;0,017986043;-0,540317093;1,053490953;0,621389215;0,505669035;-0,502237509;0,119503397;0,268251708;0,269490025;0,806633668;-0,177712299;0,144461712;-0,750536279;0,739115731;0,488181251;0,124262139;0,45993671;3,457801719;0,813468968;1,298881026
2001-Q3;1,29188864;2,008810203;;1,621616296;0,270396431;436099,6983;;0,384228649;-0,629860669;0,761885151;-0,172916358;-0,8072395;0,050798415;-0,284756427;0,146341395;1,438634796;-0,162669071;0,782951453;0,496594761;-2,040343943;0,166405;;0,098959;0,18794;;0,265747943;0,020738765;1,23686;1,251785772;-1,126977785;-0,190617769;0,21878935;0,388545624;-0,400349016;0,173787806;-0,510835032;0,632169934;0,594732507;-0,066614244;0,906137299;1,231055685;-0,084909069;-1,089501372;0,932024082;0,897826274;2,065120116;0,468170648;-2,580921955;1,196468494;1,350193624
2001-Q4;0,498787848;2,371545861;;0,264898641;0,025743891;436211,9674;;0,854129119;0,934177435;1,484149488;-0,120816343;1,526519421;0,571357975;-0,177660911;1,399039679;2,616537596;-0,116388103;0,295690078;0,602744645;3,299544693;0,156936;;0,116943;0,41443;;0,769322925;1,416301355;2,29588;-1,682896271;-0,506576298;-0,09969491;-0,636654461;2,161017028;0,277314358;0,322515301;-0,280252033;-0,281151844;0,976315787;0,608829247;0,738989275;0,869051216;0,185190472;-0,341009898;0,691906748;-0,197216541;1,467100087;0,225694735;6,312388002;1,211425699;1,762585517
2002-Q1;0,465355551;0,110042951;;0,817047668;0,37383378;437842,6751;;-0,15121089;0,915960738;0,891059203;-0,073182339;2,840255553;0,852239032;0,110900546;0,177808538;0,418170158;-0,524355984;0,211494471;-0,125180955;0,009180441;0,125253;;0,096635;0,78344;;1,08600902;1,219098583;0,8071;3,777582554;0,389669655;0,859674646;-0,674017078;0,322369026;0,828227216;-0,610179989;2,293197282;0,654199432;1,344965508;1,484226046;2,277914763;-1,027914667;0,551911209;0,168733854;0,425504172;-0,033566445;0,69699693;0,52893754;-6,424860032;0,76331388;2,544481592
2002-Q2;1,810074726;3,13202563;;2,238306787;0,46090433;439860,7109;;1,582890964;-0,245208565;1,317299536;0,20364963;0,746383102;0,509167875;0,409076376;-0,463985813;1,758029925;0,445116442;0,904428574;0,513016522;3,677736629;0,580465;;0,5419;0,98573;;1,268859181;1,285428675;0,62376;4,316415446;0,439794812;0,855923515;0,917032403;1,006514408;0,615502456;0,348263578;0,583113518;0,989145658;-0,097681096;0,589373312;0,538709148;2,077768669;0,802353446;0,810317987;0,814943369;-0,009920153;3,497039429;0,648963487;4,165762745;1,709958816;1,812135416
2002-Q3;0,835147683;1,751409515;;0,577044906;0,416888227;441694,4384;;0,590673458;0,64696998;1,172125092;0,224539991;1,942390167;0,345806708;0,228678201;-0,453600128;-1,554092716;0,489797642;1,232634998;0,521880201;1,344394038;0,452907;;0,415241;0,82719;;1,131829481;1,283531345;0,59356;1,366468032;0,050339631;0,535435677;0,779400037;2,24003871;0,403528704;0,155263883;1,224003809;-0,234029644;1,158120237;0,86544944;0,927312666;-1,484075443;0,513436443;0,314155442;0,616462467;0,340052292;2,004469978;0,701421488;-0,991773424;0,304486311;2,021812956
2002-Q4;0,37252447;1,508897896;;0,771020466;-0,048505645;441480,1917;;0,14977657;2,06484308;1,331353746;-0,466157336;0,9288104;-0,458228327;0,371460755;-0,746441208;-0,350453465;-0,139252859;0,094314742;0,753393279;3,968136598;0,171367;;0,155969;0,59036;;0,831988659;1,081071923;0,07824;2,13363529;-0,169399613;0,373866936;0,235180604;0,668863551;0,130655767;0,149651197;1,010822266;1,138140747;1,679622707;0,548620905;1,226290047;1,1292031;0,326038905;0,278100491;0,760736929;-0,330022229;0,732022901;0,880044436;2,104430912;0,814372628;1,097353992
2003-Q1;1,26342649;4,370138071;;2,081952583;0,198143176;442354,9546;;1,179268022;0,945707504;0,552446377;-0,73746719;-0,500043884;0,737531136;-0,345801554;0,105061371;-0,127873515;-1,490397208;0,349506787;1,077754088;0,70665622;-0,194518;;-0,304395;0,65033;;0,63476228;1,305113264;2,25109;0,083600699;1,213859036;-0,263543192;0,240063246;1,775966545;0,516723187;0,017344153;-0,417157933;-0,70655442;-0,01853832;0,553325235;0,766656111;0,023837248;0,200231146;0,062481128;0,930720991;0,535905782;2,293803484;0,561056412;1,177886743;0,202421491;-0,659159835
2003-Q2;1,215915799;1,485565915;;1,771173645;-0,215517241;441401,6034;;-0,593897262;0,838950581;0,437140195;0,070767737;0,600150969;0,13491694;-0,159797742;-0,888761522;2,509913073;0,117964262;2,096760367;1,041659129;2,308940876;0,123073;;0,085787;0,78421;;0,488369504;1,133864086;2,5332;0,336326982;-0,371221762;0,213740458;0,228859672;1,50820552;0,893377801;-0,345329821;-0,878068304;1,438304315;0,198630974;-0,147463728;1,038546724;-0,476198042;0,517961293;0,687539744;0,521062767;-0,930017583;2,315752521;0,763307636;-2,60179329;0,417240924;-0,154146863
2003-Q3;1,308639428;2,824170649;;0,627318594;0,674018699;444376,7327;;1,464744586;0,655179761;2,107215906;0,987881344;0,855720512;0,319369201;-0,072138451;0,887370155;1,059318182;0,765875935;1,113615445;0,927434516;2,252070616;0,604183;;0,540641;1,36167;;0,542690582;1,047589655;2,63211;2,851212403;0,797685738;0,408990765;-0,039829063;0,400225535;1,66689627;0,088712714;0,952796059;1,196162047;1,433960223;0,373654347;1,20062988;1,405098525;1,047886484;0,2947885;0,659429635;0,343466356;0,98364147;0,981985845;0,034536046;1,738800732;1,932669509
2003-Q4;1,047710563;1,783152079;;2,137179548;0,722561303;447587,627;;0,616943537;0,780432571;1,304388335;1,209142893;5,123839944;0,144601237;0,935432546;0,377797496;3,762226134;0,26894256;0,280021548;1,011394748;1,181052101;0,749956;;0,73326;1,4024;;0,576931272;0,985596804;3,28321;3,023013077;0,352771027;0,695603459;1,100047049;1,681461685;1,154045728;0,535395784;1,035226096;0,183308401;0,634137561;0,689959181;1,032728946;0,03205752;1,069778512;1,088094198;0,864495959;1,86298281;2,61111837;0,791027155;3,384300439;1,636087558;2,639479586
2004-Q1;1,037930761;0,956934934;;1,828564537;0,933092814;451764,035;;1,854112304;2,462144957;1,706060885;0,576617601;-0,124222226;0,965216697;0,212927831;0,902894616;-0,642237043;-0,171994531;2,987195893;0,973754181;3,481429988;0,640075;;0,495406;0,96534;;1,513781636;1,174987671;0,36449;2,754282995;2,500824744;1,498661289;1,404142921;1,297974283;0,572916486;0,905236953;1,41527937;1,276604694;0,999140292;0,720267587;1,533401349;3,542651452;0,772662909;0,734376133;0,603043582;0,481617502;2,319078652;0,446923347;3,546260695;0,785783769;1,254800591
2004-Q2;1,38204166;1,861657399;;-0,018592188;0,645511346;454680,2231;;0,398331211;2,179740016;0,863589094;0,739658146;2,317119307;0,846501554;0,424250894;0,57209479;0,117532252;0,502329716;0,809366462;1,16878509;1,245434075;0,649178;;0,633188;1,14765;;1,397449924;1,195908358;2,37817;2,328300885;0,844120286;0,961516501;1,549148612;0,666774467;0,778738758;0,476796103;2,730711041;0,859723809;1,247708959;1,187819015;1,165510191;0,205877883;0,702388747;0,016466297;0,97698308;0,595381652;-0,679634766;0,54316137;-0,638238132;0,665399811;0,763499369
2004-Q3;0,415673421;0,649327487;;1,334459386;0,262351077;455873,0816;;0,794462571;2,819638427;0,286892595;0,038445641;-0,508731115;0,971763499;-0,010942477;0,039396612;2,337739124;-0,185975188;-0,503677719;1,570060767;0,524903768;0,293118;;0,242489;1,03385;;1,635117939;1,216829969;2,39764;1,127730536;1,201040365;0,872053567;-0,215459152;2,31242206;0,941247225;0,149388239;1,256499387;1,085054253;0,982844772;1,180435577;1,213464486;-1,154684096;0,604660696;0,611624208;0,940418575;0,235625688;2,261346662;0,246693284;4,752433723;0,775399872;0,405586129
2004-Q4;1,339431236;2,310773292;;-0,381337288;0,750926087;459296,3515;;0,844129913;1,407967843;0,350885035;0,164426373;2,294965756;0,337298497;0,26025499;-0,295723234;-1,079093839;-0,104814134;1,060147436;1,786929327;2,239394186;0,439931;;0,361276;1,01556;;1,067930101;2,814066405;1,93661;1,622484668;1,230708594;0,356570198;1,326343926;1,53421968;1,022027369;0,218014009;0,767566654;1,505214274;0,404963982;0,718426544;0,401155599;0,982498333;0,684905353;-0,194163063;0,684310959;1,08087338;2,07850338;0,348659208;1,256097974;0,744833146;0,757933774
2005-Q1;0,442538488;2,167025288;;-0,588090483;0,26908442;460532,2464;;0,413647641;-0,038142698;1,167011871;0,777301261;1,977876;-0,037526375;-0,202871017;0,769012778;-0,827791797;0,002889219;1,101884121;1,787486046;2,797509253;0,2751;;0,239198;1,14849;;1,016599753;0,811018021;1,75097;4,609951611;0,67872996;0,526251103;0,16230983;1,239658313;1,110882508;0,322858268;0,737546621;0,989264573;0,922080284;0,346066595;1,003304086;1,63008417;0,753675407;0,51510336;0,976289542;-0,362985061;1,756259586;0,607756489;-3,219866878;0,766098663;0,850903369
2005-Q2;0,934229122;1,593459825;1,553907062;0,237815218;0,190555516;461409,816;;0,686642481;1,622082911;1,598238855;1,214479728;1,934388559;1,121923852;0,744629442;0,368647118;0,814255761;0,524597684;0,147351675;1,359003151;2,17362546;0,620621;;0,568372;1,13598;;1,794553973;1,145210323;3,1669;0,422159476;1,029346213;0,599075268;0,290420826;2,093789999;0,486604478;0,703469864;1,401210552;-1,196153235;1,72582339;0,725522707;1,900898431;0,524406373;0,667259398;0,780948699;0,882073444;1,968906957;3,959926032;0,963318523;7,624501604;0,441157579;1,887062862
2005-Q3;1,726022058;2,697063351;0,402310137;1,390843165;0,495556416;463696,3619;;1,186364959;2,32627958;0,487530064;1,133526528;-0,927578169;0,7527544;0,624589563;-0,471937283;2,017206476;0,858172363;1,932601697;1,672700078;4,965667978;0,793026;;0,745414;1,15574;;1,363618551;1,101901968;1,39142;1,41197126;1,267830346;0,395532035;0,83978301;1,635387535;0,78562198;1,342952261;-0,778206449;1,447934682;0,827709479;1,211374835;0,748143805;0,82956188;0,902513696;1,014222352;0,966995513;0,111335017;2,394844341;0,882092924;0,29295166;1,128426046;1,505330894
2005-Q4;1,485157047;1,853488641;1,701675048;0,501015516;0,784460895;467333,8786;;0,680946137;1,389589059;-0,403225806;0,947260462;3,093447056;0,890223002;0,15086591;0,13303494;5,18345186;0,47142782;1,839417039;1,827485844;3,709184502;0,703962;;0,649743;1,24762;;0,669356074;1,421164862;2,52791;3,306804141;1,76861461;0,767038264;1,67047541;1,461440338;0,567928238;0,630550925;1,260556055;0,28743607;1,757833879;0,988734322;1,129375293;0,2250289;0,759112219;0,173142976;1,01386663;0,324723372;2,309236544;1,092055496;1,735756408;0,752225489;1,012464666
2006-Q1;1,212889723;0,846497275;1,97876036;3,258220871;0,76093811;470890,0001;;1,547975618;0,852661662;1,64541341;1,109487247;1,798902837;1,102953606;0,219302058;0,817392645;0,084699513;0,967042019;1,503311661;1,757843717;-0,660486459;0,945634;;0,876183;1,48369;;1,757168426;1,321218929;2,50557;1,14513327;1,791819533;0,614857043;1,757254777;2,375653786;1,34866612;0,623937875;1,710008226;2,494514835;0,760252737;0,810995411;0,834451165;0,639986084;1,030717696;0,153615185;1,145103991;1,256661041;2,297259478;0,52996235;-0,571565753;0,117540326;1,639117138
2006-Q2;2,54096968;2,295054877;1,846888244;0,307050511;1,002352399;475609,9774;;1,628119508;2,076144644;0,455813755;0,85641125;0,275358472;0,360707905;0,674176792;0,96512188;0,283221508;1,722767803;2,299761895;2,035602128;4,995397221;1,225587;;1,098518;1,07435;;1,420243604;1,276789436;1,43638;3,046122099;1,833348016;0,354937099;0,973513307;2,335653427;0,245583731;1,497031303;0,241557385;0,244923148;2,114819492;0,051646385;1,367955385;0,124976235;0,681998929;0,164013475;0,969214739;2,982414581;2,094781735;0,345980978;4,101872731;0,209443479;0,730602028
2006-Q3;2,127154198;1,726121594;1,919378465;0,477438963;0,01613027;475686,6945;;1,181269652;1,306408175;0,640332464;0,849536963;1,218155687;1,160285618;0,428252758;-0,112732238;0,49382694;0,768805833;1,651035871;1,269985656;3,276483227;0,617157;;0,580866;1,04984;;1,381152984;1,611894739;3,303;-0,753486109;-0,701297006;0,880418794;0,278460041;1,913976117;0,150456188;0,598152747;1,634816535;0,950365525;1,684380744;0,279245485;0,549365201;1,026181709;0,371927433;-0,200014709;0,929139945;-0,666822567;2,290225699;0,232546297;0,374118865;1,503419447;1,613954951
2006-Q4;2,959686804;2,728148473;1,434291861;2,542940426;0,79045242;479446,7715;;0,660991722;2,038671021;0,882755715;1,302908534;0,248383348;1,051861518;1,271537183;0,711999077;1,458742893;1,514812212;-1,498648612;1,279920246;4,421907805;1,054389;;1,173617;1,37257;;1,382817924;1,594383978;1,71129;2,258713045;1,488757682;1,135413316;0,248347619;2,808973854;0,843711696;0,824500468;1,186044636;0,785150741;2,182575825;0,398598242;0,945640551;1,830283737;0,974693514;1,339720637;0,961484836;-0,271021311;2,480963625;0,638018628;1,06885349;1,271599543;0,779357615
2007-Q1;1,147660599;3,501133049;1,840234006;-0,785285662;0,747372488;483030,0248;;0,974304442;0,952486997;1,230055969;0,563073536;5,894508177;0,921372413;-0,154555957;1,052270567;5,019353865;0,076329825;4,589967648;1,683401928;1,766482904;0,756186;;0,62767;1,4962;;1,623672013;1,62635968;2,7934;1,823080444;2,104688718;1,417379597;0,699432921;2,107459052;0,293598861;1,145697378;1,99332033;1,932458496;1,896902882;0,639626644;-1,213098856;0,07525144;0,679648361;0,661892187;0,914765508;0,33129799;3,315680905;0,783737963;1,740620192;1,389522837;1,674043596
2007-Q2;2,575280091;2,547457456;1,138682434;2,911721824;0,757904442;486690,9308;;0,499266858;0,933992464;0,909784829;1,447184545;-1,504191464;1,174938636;0,179574936;0,443121174;2,209702452;0,838052558;1,139757737;0,848804332;2,00876441;0,709273;;0,718788;1,25943;;0,819557991;1,666702241;2,52015;0,030535506;1,767719207;0,456797608;0,775582678;2,47630887;0,63843453;0,511646773;1,553593704;1,797506864;1,237659927;0,968907263;-0,147316943;-0,001676729;0,652750691;0,046964433;0,896255506;-0,447886765;0,390307848;0,463747548;4,732771849;0,637901963;1,730290857
2007-Q3;1,14634467;2,680544264;2,212150584;-0,623113458;0,354091176;488414,2604;;0,780650947;0,146846209;0,744163225;0,936575425;-2,54304459;0,328593269;0,225514768;0,205999342;-0,734537985;0,49649169;1,697160156;1,461881039;1,85479098;0,509761;;0,429757;0,99461;;1,171935193;1,576563345;1,79448;0,586394599;1,888443851;0,77208828;0,627429989;2,368541786;0,602306657;1,117501908;1,034336685;0,918417552;2,032559561;0,419854575;0,516327644;1,283235265;0,519452922;-0,54255696;0,766768541;0,939515371;0,201067901;0,682438581;-0,351696165;1,157103662;1,173831453
2007-Q4;1,857665413;1,722824249;1,13256713;-0,495876772;0,237909614;489576,2449;;1,140797676;1,682407434;0,164373554;1,069819601;4,098896452;0,867585021;-0,341557589;1,118249303;0,793246783;0,665882926;1,343467052;1,186412736;-1,175512939;0,626825;;0,536543;1,37144;;1,417079709;0,866016391;3,37688;3,432599138;1,468856085;0,405803087;0,392097285;6,355944281;0,609644003;1,353023647;1,545258491;1,319947274;0,208214182;0,113617046;0,310155675;1,088181546;0,699282818;0,424043054;0,642845606;1,005988508;-0,600337948;0,385228837;4,433705772;0,388346913;2,156948555
2008-Q1;2,164849988;-0,490035105;0,291514618;0,611597606;0,391944031;491495,1098;;-0,792881048;2,562235415;-0,314025811;0,855817314;-2,653399674;0,65533393;1,115394904;0,007673184;1,072631667;0,629476702;1,91772583;0,530801089;2,077866388;0,539747;;0,473963;0,80796;;0,420005275;2,232784832;0,6059;2,106492108;0,815336045;0,431929904;-0,207272305;-2,801532256;-0,407429474;0,327531403;1,128322151;-0,122968349;1,576562153;0,076640567;0,917579958;-1,256361804;0,190013215;0,353243246;0,215766273;-0,041561001;-2,220162619;0,603271437;-2,677116417;1,035590238;0,402394858
2008-Q2;-0,131875248;0,66826847;0,846730826;-0,639736483;-0,422393117;489419,0683;;-0,032902854;0,059955903;-0,300788554;0,896623586;-2,489668281;0,822242176;-0,946149651;-0,492606075;-1,102387232;-0,233242288;0,243075731;0,681591325;-3,648138022;-0,254957;;-0,325303;0,5934;;1,220887141;1,469687716;1,04386;-3,548598571;0,185667845;0,063486862;0,777979038;1,251137473;0,572295345;0,492586831;2,342858562;-0,802954874;1,69486167;0,361671897;0,606705083;0,049883456;0,020583629;-0,567393399;0,10925228;-0,922683985;1,015880433;-0,45050659;2,755552584;0,324218915;0,523473003
2008-Q3;0,551269053;-1,245050091;1,118342799;-0,097483141;-0,276609045;488065,2909;;-0,51649893;-0,846287345;-0,340427267;0,37550287;-0,798258285;-0,64495261;-1,232084951;-0,082530827;-0,822848627;-0,648249182;-0,336540107;0,163162275;-4,07836723;-0,505989;;-0,534359;-0,21185;;0,238933351;1,339662264;0,87024;-1,816869974;0,156891957;-0,584322554;0,316050337;1,419438199;-0,526892902;-0,122148031;1,447329265;0,345367222;-0,567037821;0,820044012;-0,198367406;-0,182729802;-0,503355453;-1,246664235;-0,184139804;-0,584136662;0,047695875;-1,490218453;-5,280688865;0,716928952;0,815881043
2008-Q4;-1,089931728;-0,792709496;-1,816300133;-1,397015176;-1,455506696;480961,4679;;-3,541094262;-0,97242042;-0,670907566;-2,812868709;-4,205226225;-2,234068999;-2,62005395;-1,291756647;-3,684500269;-1,593756296;0,404849179;-1,814962737;-2,423921501;-1,800187;;-1,783764;-1,32458;;-0,569248528;0,14003075;0,12257;-2,540031551;-0,749352185;-2,168833441;-1,632849597;1,201293501;-2,183097148;-0,659940783;-3,781768471;-2,145738102;-3,738357608;-1,159518489;-3,49648809;0,313240545;-1,994305956;-2,474143391;-1,614017593;-2,361480698;-11,79810616;-2,005279354;5,592803119;-0,488236048;-3,283889347
2009-Q1;-2,398730431;-12,85817729;0,436028475;-4,747780617;-1,64643315;473042,7588;;-1,482550318;-0,815451483;-1,006980911;-1,554985724;0,451840252;-1,712167359;-2,693743756;-2,516670472;-1,888071745;-4,682227055;1,578773111;-3,381670366;-3,58355741;-2,895862;;-3,109537;-1,51695;;-1,555542595;1,362453633;-1,84614;-5,664019566;-0,043184211;-0,97325393;-5,126249294;-9,600053061;-1,165722531;-3,593640793;-1,369739224;-6,477614128;-4,378004229;-2,259686183;-4,117778033;-0,825737962;-2,315092894;-4,808107309;-2,605535405;-1,423447795;-2,651967464;-1,802244248;-9,874681056;0,913462802;0,089986722
2009-Q2;1,460678069;-1,319400421;1,004713994;2,776841903;-0,096317964;472587,1337;;0,068229953;-0,596197472;-0,054085538;0,599092954;-0,503028226;-0,791399117;-0,31826115;0,089438207;1,23940271;0,159652865;0,046116863;-0,387897595;-5,697431388;-0,068227;;-0,019564;1,0339;;-0,343211369;1,296376838;5,80366;4,006998137;1,070750698;0,047812829;-1,469513179;1,651204649;-0,169238139;0,002508579;1,784971008;-0,436809528;-1,108509331;-1,091258596;0,033770251;-0,879611379;0,198776835;1,963189471;-0,010778265;-1,938341181;-3,37443851;-0,313933676;-0,383362791;0,777331604;1,332777638
2009-Q3;1,198658721;0,412855649;0,723124957;-0,725436891;0,160948667;473347,7564;;-0,049088072;1,11519886;0,495358615;1,138212619;-1,351204565;0,449898934;0,581847754;0,882224183;2,139786911;0,557891323;0,578322142;0,441103716;-5,082195001;0,37011;;0,390018;1,18958;;0,231907188;1,549597936;2,55388;2,395761074;1,081334283;1,263779444;3,29174523;1,722732153;0,361929991;0,400707908;2,350579434;0,924668988;0,26043999;0,44993852;-0,010199319;0,064386328;0,582381738;-0,044426453;0,211128086;0,345762915;-1,967139353;0,063201652;1,542428176;0,296389322;2,992674785
2009-Q4;1,619537984;-1,087864526;0,78207787;0,128217041;0,701462418;476668,113;;0,459613984;1,23689424;1,269571701;0,839454352;-1,31047529;0,457877596;0,324504377;0,047782666;0,46748152;0,735962768;2,396627599;0,096491574;0,298450288;0,489247;;0,456306;1,39224;;0,666971689;1,47223263;2,12673;1,952357185;1,390406835;0,802290461;1,658346966;1,940395899;1,06796195;0,602328461;2,531637013;-0,771944872;-0,119701623;1,166157024;-0,028873289;0,053340238;0,900146902;1,234012902;-0,020400669;0,090743262;0,468827945;0,3103824;-0,314736616;0,735820765;0,746867545
2010-Q1;1,197053665;0,770190811;1,35442596;-5,590428562;0,356040919;478365,2465;;2,669097433;0,357802556;0,327218439;0,715003874;2,940684765;-0,413585019;0,268181138;0,823018427;1,770640004;0,806515425;-0,422454755;0,699970782;-0,573908175;0,406512;;0,401017;1,25892;;1,166724893;1,625045877;2,60018;-0,294994982;1,351786254;0,518118543;1,046095559;1,846010043;0,500053481;-0,188470022;2,284043657;1,001905585;-0,140478779;1,206341487;0,036345276;1,951186058;0,601545808;1,052479644;-0,028195768;0,863569079;1,378155093;0,698471499;-6,001044521;0,440671724;1,959076739
2010-Q2;1,212975485;1,257340804;1,204291195;-3,708366854;0,512804465;480818,3249;;2,069041094;3,422238008;0,709378886;0,83299677;0,10163629;1,359970052;0,747525358;0,552428604;1,086163783;2,241046536;1,525992251;1,123545104;-0,730049117;0,995523;;0,971956;1,44273;;0,839411996;1,663672381;2,40256;3,800709327;1,404836277;0,985354241;1,111596636;1,167659577;0,967704639;0,438663663;0,974941229;2,761947367;1,780257576;0,523260909;0,806715303;-1,062964293;1,107026893;1,20080417;0,149925037;0,683517919;1,267529756;1,133482316;3,967660907;0,682425258;1,899801372
2010-Q3;1,656811288;0,442329176;0,822731444;-3,307499018;0,647366946;483930,9838;;1,212934292;2,332971188;-0,248962656;0,575807504;0,458004648;0,857577417;0,478045488;0,083833036;-1,580167001;0,839699329;1,318700415;0,838015454;-0,376705842;0,507096;;0,437794;1,28847;;0,890246294;1,505426427;2,95598;2,770701784;1,239539874;0,417149241;0,9347222;1,100271079;0,77314415;0,441623993;1,017924234;-0,410728143;0,267344197;0,708694922;0,80664511;-2,481539827;0,852262416;1,814273583;-0,051135353;1,585373276;1,465733129;0,700938054;-1,947419445;0,704355369;1,15521508
2010-Q4;0,624466066;2,367669607;2,190998802;-0,768262723;0,709321321;487363,6094;;1,615012368;1,236961951;-0,519459438;0,753145299;-0,509776127;1,169711915;0,548737105;-0,194037196;0,746006584;0,811076295;0,977518279;0,375699874;0,930021816;0,637657;;0,625307;1,11887;;0,930781355;1,598800342;2,32107;3,023189403;1,566982768;0,505236083;0,773507132;0,660050577;0,519595159;1,12734149;1,356611221;2,100121636;0,542487577;1,117505154;-0,022504568;2,80725941;0,568211519;-0,816360022;0,067103146;-0,225049653;2,101125789;0,120686818;3,776963254;0,866186819;1,219318711
2011-Q1;0,527267046;1,912547552;1,835623614;-3,867138693;0,986516267;492171,5307;;0,35853552;1,263041371;1,0912577;0,661346115;0,797474464;0,914688926;0,476721845;-0,660768312;1,199811299;1,931018281;1,128104619;0,597806829;-1,388037421;0,826605;;0,847015;0,92324;2,5;0,984801432;1,453146421;1,83064;2,253858177;1,433629167;0,481369771;0,759735443;0,338310204;-0,240916068;0,577859644;1,466236605;0,558440833;0,633056845;0,755347044;0,898999764;0,093536632;0,27905038;-1,059941151;-0,155975029;0,217842912;2,027469076;0,46235612;-4,150870505;-0,293553037;0,933130719
2011-Q2;2,333913246;1,420310761;1,973782302;-1,78701687;0,034976799;492343,6765;;0,318408601;1,400148011;0,506446601;0,465255085;1,482574407;0,197590845;0,044972402;-0,428915528;-0,966285759;0,084194173;1,334870316;0,261023274;3,507571363;0,087219;;0,000948;0,83892;2,2;0,559671779;1,454009319;1,21165;2,747690817;0,974310442;0,207189998;0,538908011;0,690543745;0,678050751;-0,089510835;0,94243448;-0,174006405;-0,515167215;0,19480651;-0,061733843;-0,413426518;0,380181792;-0,858890346;-0,316890172;1,002326552;1,909177293;0,101107568;2,759960433;1,3075225;0,490791061
2011-Q3;0,286534133;0,86357686;1,689826245;-2,024977398;0,36503771;494140,9166;;1,316940096;0,369208298;1,02987232;-0,375868533;-1,810239633;0,686655028;-0,522658531;-0,780836238;1,225474019;0,893792659;1,288403481;-0,081080057;1,512840167;0,18681;;0,121984;0,82155;1,9;0,413771114;1,514977324;-0,00385;2,658843122;2,195837805;0,286440473;1,939606016;0,46408017;-0,038767163;0,000473588;-0,204605393;0,122387672;-0,194854511;1,379639562;0,217732168;1,611277918;0,591011989;2,432137225;-0,648079214;-1,243706016;1,670495251;0,319361612;1,805200958;1,350052257;0,526323638
2011-Q4;1,312461611;1,084746008;1,029591227;-4,481882045;0,177973675;495020,3574;;-1,405785984;1,911267133;0,574267263;0,108500341;0,135120501;-0,048393136;-0,948213761;-1,478454706;-0,313065721;-0,312652447;0,633523566;0,083829122;0,179171832;-0,372191;;-0,414168;0,83324;1,5;0,684087092;1,460367149;1,62889;1,357311969;0,791610477;0,29165661;0,655862247;0,766043261;1,121678183;-0,602987269;0,825626207;0,027781379;0,034935433;0,78751324;1,251253011;0,051543722;0,427248608;-0,141583374;-0,648559942;0,817187733;-0,032903498;0,127212644;1,449036515;1,06186081;0,472298068
2012-Q1;2,100040035;0,536304325;0,717476243;-0,304368118;0,085237796;495442,3018;;0,186840512;1,724996469;0,616430237;1,0421597;-0,480185253;0,804079687;-1,085703719;-0,545801608;0,521803327;0,21171715;0,069230494;-0,235283024;5,073443443;-0,179572;;-0,204065;0,78555;1,7;0,566841886;1,505735749;1,38078;-0,889773757;0,470332303;0,214596578;0,648418443;0,237898827;0,817922845;-0,209129697;-1,277582494;-0,4369723;-0,631854262;0,064087343;-1,775943604;2,16965563;0,482769919;1,372849739;-0,937141737;-0,069457024;0,593756205;0,677605433;-3,303269521;0,958532576;0,865665953
2012-Q2;0,469284274;0,637757839;1,229100059;-1,730131724;-0,152390952;494687,2926;;0,128820726;1,525559795;0,337744963;-0,055765426;2,081882915;-0,395378114;-0,738444078;-1,347954513;-0,007840577;0,187789145;-0,245560743;-0,462223771;-0,528818621;-0,24208;;-0,264594;0,62591;2,3;0,83473463;1,497398442;1,15795;1,727526866;-0,091212495;-0,00100064;0,874755622;0,161970265;0,455859987;0,051637012;1,698488164;-1,058171539;-1,770730069;0,326163737;-0,629605877;0,23580242;0,142852104;-0,897537184;-0,961234644;0,075250259;1,226169346;-0,05884998;1,436435791;0,748485152;0,565974618
2012-Q3;0,604749842;2,061478144;-0,307171025;-1,449814096;0,1915832;495635,0303;;-0,12453437;0,636799891;0,252456065;0,702062038;-1,952296872;-0,179044364;-0,518145832;-1,129418955;1,056507587;0,291571972;0,438297734;-0,306104494;1,286206141;-0,087999;;-0,118372;0,75975;1,9;0,406557831;1,412426783;1,794;1,764793881;0,950260204;0,243158053;0,564704012;0,091102339;0,174882978;-0,428654716;1,749520856;-0,385316617;0,200005461;0,136217106;0,323942564;-1,449584494;0,177127186;-0,373760737;-0,509690265;0,093894243;0,499928428;1,224551575;0,647947608;0,59694218;0,45177694
2012-Q4;1,291610498;0,437440855;1,121834078;-0,810770694;-0,073428784;495271,0915;;-0,716323709;0,692551959;1,536299217;-0,10160572;0,835324873;-0,038550271;-0,752078082;-1,580457377;1,791282722;-0,446474462;-0,526939616;-0,235886278;0,540498892;-0,415168;;-0,424514;0,55175;1,9;0,476942783;1,391778812;1,18687;1,602891829;0,647716614;-0,045918265;0,85516143;-0,115709267;0,109838067;-0,700038892;-0,026579905;-0,07736141;-1,993907412;0,20678147;-0,129440236;0,817337105;0,037403553;-0,073059272;-0,762656859;-0,16162989;0,888181313;-0,246822544;1,557806905;0,4661588;0,502248725
2013-Q1;0,257236294;0,601979346;1,555735425;-0,985839291;-0,009256181;495225,2484;;1,398565881;1,167982925;-0,313377168;0,440487309;-1,448160651;-0,225983331;-0,932763968;0,416147358;0,001225914;-0,466756989;0,064199522;-0,361779939;0,277975364;-0,236236;;-0,366749;0,93098;1,9;0,776024074;1,390362287;1,59874;2,92988564;1,398079148;-0,274637479;0,247252145;0,037224756;0,867789548;0,32313017;0,454156852;-0,857299318;0,189596838;0,897004855;0,204595847;0,150651001;0,584658499;1,374204276;-0,319631859;0,563835211;0,479254246;0,459137577;0,656452572;0,441053566;0,86312085
2013-Q2;-0,307731272;1,077571732;2,477029976;0,158523252;0,659894545;498493,2128;;-0,101180285;1,548993204;1,172590693;0,902834713;2,832887487;0,086710786;0,01957188;0,75837044;1,941611998;1,068846451;1,076143284;0,360650994;-0,019956662;0,524051;;0,535661;0,888;1,8;0,727379222;1,277781008;1,40382;2,935776113;2,00667217;0,583834884;-0,555914225;0,321668623;0,13938522;-0,181166268;1,698760617;0,460926042;0,306160334;0,580357191;0,984936698;0,722383991;0,540659631;0,904648523;-0,087487355;0,074281939;-0,256549824;0,657147062;1,616430195;0,427929135;1,165850338
2013-Q3;1,87422946;0,730954028;0,561430172;0,007195552;0,012199242;498554,0251;;0,458279433;0,874301578;0,57568768;0,7593349;1,801109875;0,493087923;0,230430244;-0,139296447;0,070965881;0,580606006;0,757049087;0,352428103;1,345024353;0,35803;;0,31167;1,00181;2,1;0,474459609;1,31290773;1,60112;1,465976155;1,150824424;0,309637595;0,936740579;0,460651829;0,791653411;0,60299549;0,311125687;0,348848232;0,012975748;0,814973402;1,536036703;0,980833579;0,715090506;0,963670261;-0,054727477;0,633381867;-0,248680845;0,767182928;-0,239216334;0,789548806;0,899048547
2013-Q4;0,575434214;1,252207247;1,407636306;0,638952501;0,479090235;500942,5488;;0,696398041;0,174901689;0,242603438;0,328562411;-0,475471439;0,383292444;-0,22126949;1,094967331;-0,837860433;0,29894409;0,263397738;1,275945183;0,90125547;0,304954;;0,26009;0,87828;1,5;0,538352036;1,27196525;2,20112;0,193829518;0,744297297;0,218360116;0,557523109;0,578985501;0,711171002;0,635012365;0,111191316;-0,179485726;1,933905179;1,050559545;0,879272774;-0,177254636;0,482000259;-0,115834199;0,16661908;0,201104009;-0,049912351;0,525966842;3,534981614;0,784745361;0,775832659
2014-Q1;1,23522647;1,1079078;1,176419174;-0,029218697;0,078627217;501336,426;;0,828294116;0,147474789;1,495585093;0,646057412;4,038132387;-0,239579166;0,158065957;-0,641839267;2,054033176;0,935197772;1,033844473;-0,59157428;-0,093810607;0,441773;;0,419811;0,69208;1,9;-0,137935652;1,185117259;1,15901;2,901075638;1,097064217;0,429826386;0,690671;0,617398134;-0,350109737;-0,094722218;0,922192008;-0,772230003;0,085023164;0,163447761;0,786581932;0,5208702;0,361984243;0,808639326;0,367436031;0,253255592;1,641611207;0,932765882;-2,888984981;0,774065604;0,930688362
2014-Q2;0,346726146;0,630750031;0,947671817;-0,258132178;0,122980112;501952,9701;;0,818093332;0,495475399;0,516020864;0,667674414;3,942397375;0,678368184;-0,031894163;0,332717028;-1,329788003;0;1,137045234;1,007575112;0,574172996;0,300893;;0,223066;0,81467;1,8;0,394667298;1,243483752;2,28966;-1,62240622;0,929732505;0,265272916;1,259394836;0,763525706;1,284128907;0,585251919;-1,544898527;0,162133293;0,853076318;0,913329104;1,324256482;0,739013144;0,484776391;-1,815504482;0,463352007;-0,072441775;0,408104415;0,806169711;0,057761748;0,457743206;0,849742634
2014-Q3;0,872880875;0,368785967;0,546373693;1,069738474;0,498958096;504457,5051;;0,727676347;-0,070517128;1,273236095;0,546466254;0,043438305;-0,093059626;0,102746085;0,094687166;2,07882163;0,539657201;0,837305285;1,085489897;0,413521046;0,513611;;0,446554;0,96371;1,8;0,480579252;1,164273825;1,8258;2,458184399;0,933469709;0,690442001;0,368632617;0,964599754;1,164961644;0,249815431;-0,020677092;0,386585668;0,60452733;0,959051308;0,936300992;0,420366061;0,773182488;0,093758941;0,740035085;1,673875429;1,340418593;0,677173328;3,535449966;0,483191001;0,343530965
2014-Q4;1,092967079;0,383971147;1,284106587;-1,052327991;0,088836135;504905,6456;;0,766866576;1,113288993;1,623234024;0,522944111;0,162521256;0,154037681;-0,268513906;0,808968919;2,576062838;0,810213546;0,652874316;1,27364607;0,564570309;0,444127;;0,404213;0,84604;1,7;0,748775643;1,149099156;1,53396;1,347559385;1,513722713;0,522583418;1,041226289;1,104523696;0,448993402;0,89585285;0,499054536;-0,239025686;0,134187047;0,691975668;0,567734422;1,222455448;0,549454572;0,475834086;0,858377348;0,358693362;1,497655099;0,560482829;-0,243336363;0,341166615;0,427442707
2015-Q1;0,144430243;0,376781746;0,6417318;0,567982112;0,479363468;507325,9788;;1,403622166;0,26084826;0,316940088;-0,154335372;24,24782474;0,267447122;0,264507832;0,644836282;-0,773960266;-0,527421908;1,418631334;1,81529995;1,4585203;0,748551;;0,669243;0,94824;1,9;0,722352926;1,226325435;1,6843;1,890749754;0,038889865;0,519866681;0,546990572;1,926835613;0,813313626;0,595739713;-0,649092304;-0,777743972;0,485953655;-0,549519408;1,667391489;-0,256690858;0,820338844;1,536865387;1,147594092;0,684680081;-1,396812812;0,644738174;-1,765729448;0,928471022;0,837872972
2015-Q2;2,162955811;0,775076177;0,524953438;-0,061625316;0,013830978;507396,147;;0,99908266;1,365432704;0,719837722;0,71922734;-2,37627233;0,179282879;0,396262071;0,29763901;0,702976788;0,706936947;0,783378001;1,452924285;1,504570133;0,487304;1,987950069;0,438886;0,75873;1,8;-0,844263371;1,162446168;2,14177;1,523769405;0,067190522;0,671848114;1,159319063;1,245729785;0,580001432;0,308836534;-2,612511211;1,521684969;0,67040719;-0,272172083;0,113589391;0,530037016;0,549817541;0,141082849;1,072777012;0,467773075;1,972405147;0,738449044;6,232412095;0,108227028;0,419668793
2015-Q3;1,250163152;0,651150627;1,035410931;-1,888330742;0,330053694;509070,8267;;1,394977161;-0,371789132;1,083624439;0,616062328;2,591789662;0,597983021;0,240078305;0,113767651;-0,477071193;0,501395916;1,269167892;1,096597183;0,703025585;0,53521;0,498950217;0,442557;0,81031;1,7;0,450424009;1,234396778;1,84622;1,401513902;0,109239542;0,191087084;1,3312292;1,151293261;0,323372673;0,342951926;-1,503228062;-0,009438771;0,638000866;0,353701829;0,742494709;1,171781238;0,530909743;0,08973627;0,910029713;0,301652901;0,744794055;0,537252584;-0,805905053;1,051414292;1,513074861
2015-Q4;-0,428478117;0,322506958;-0,384551713;1,796786717;0,15088417;509838,934;;0,74344721;0,898644478;1,038507652;0,403656214;1,322584127;0,110993354;0,528458231;0,479259937;0,646147684;0,429059777;1,240653403;0,642996325;-0,126572367;0,495387;-0,394976092;0,455192;0,66878;1,7;0,433466201;1,275292278;2,0325;1,166866867;0,82274322;0,416906268;-0,347773474;0,720486772;0,146234347;0,015287607;-0,77770484;0,560715904;0,159605872;0,074877376;1,034413534;-0,878065428;0,306491694;-0,14632646;0,969062415;0,222825124;-0,185255955;0,679861698;1,623472577;0,573291416;0,659315488
2016-Q1;2,428306036;0,564071362;0,890316482;-0,948131989;0,631621057;513059,1841;;-0,097932808;0,665964489;1,158712154;0,442202392;-2,599321595;1,067987371;0,272584725;0,466787525;2,928084449;0,817229402;-0,295050089;0,16334534;1,857928356;0,52068;1,094580246;0,563405;0,89582;1,4;0,238864308;1,20823774;2,90236;0,361537968;0,938403027;0,057265569;0,575347148;-0,023366051;0,589179869;0,920561776;-1,59677079;1,233455365;1,026397988;0,54850084;-0,525872245;0,13370781;0,546841113;0,725640436;0,677651054;1,152059046;1,623619578;0,441647198;-2,964555989;0,87454469;0,307277543
2016-Q2;-0,391677202;0,65462052;0,572968155;-0,253571848;-0,157917099;512248,9759;;0,084072449;-0,115019814;0,934982491;0,517172874;1,425704737;-0,15514335;0,2056263;0,299561897;1,44876853;0,413911661;1,305577092;0,336201401;-0,950091737;0,338118;-0,017275766;0,248738;0,73146;1,9;0,096214305;1,264700487;1,78083;1,430886402;2,326823453;0,549434826;0,422337079;0,246700574;0,302388807;0,235264675;0,580540592;0,155780572;1,28119735;-0,491711724;1,341883901;-0,031674933;0,36580799;-0,138878098;0,41940912;1,352637774;-0,186148011;0,577337338;6,979822255;0,661674932;1,146251409
2016-Q3;1,77594189;0,989045256;0,492303826;0,295791447;0,185197699;513197,6492;;0,315716608;0,335786641;0,936576028;0,536623936;-1,315934342;0,565773706;0,56670361;1,17409239;0,720119672;0,34351193;0,259143347;0,804094869;0,13950588;0,455658;-0,145267444;0,450748;0,76513;1,7;-0,012183122;1,233183314;2,29159;-2,867673426;1,249971468;0,175503505;1,07330536;0,370631134;0,601115379;1,117384561;-0,656022492;1,129504129;0,880361886;1,031213682;0,502895669;-0,307073287;0,392248297;0,174869375;0,88706963;0,848381829;1,114914788;0,445252857;1,748545381;0,138034077;0,494029045
2016-Q4;1,13369438;1,224203231;0,595409393;0,63026518;0,543992475;515989,4058;;0,885069928;0,156797402;0,352190183;0,337736327;11,83768457;1,026819123;0,286547125;0,931975429;0,486065792;0,312987231;2,28958356;0,851285849;1,229755868;0,830273;0,858623817;0,747747;1,03286;1,6;0,084913574;1,211968001;1,36396;5,509611596;1,08339426;0,513277018;1,025028613;0,611473712;0,496888796;0,837419365;-0,165488062;0,307602168;0,793472309;0,561483087;0,866971373;1,339357449;0,811733222;0,157757108;0,464567325;0,720496974;1,198228482;0,73929692;3,35360222;1,016571269;0,602121187
2017-Q1;0,363607837;1,148019809;-0,316064285;-0,20588497;0,815925414;520199,4945;;0,426647701;-0,788643197;1,017429598;0,18440781;-4,219551946;0,493262009;0,549260578;1,170816047;-1,563270203;1,218802299;0,944795892;1,535584712;1,57867676;0,747442;-1,446092813;0,712034;0,85707;1,7;0,472126567;1,251089357;0,79991;1,368865306;0,150789262;0,651981383;0,477197928;0,846217752;0,471931042;0,517378019;1,122908561;1,020370911;1,786872796;1,08691958;1,430846918;0,994622904;0,645570246;0,80196592;0,793789658;0,654390627;1,972456126;0,649836103;-3,947104116;0,246810353;0,962440835
2017-Q2;2,152410564;0,852481626;0,770231651;0,536256964;0,817774868;524453,5552;;1,296605755;1,215026881;1,058961082;0,299914115;3,077477844;0,553223502;0,399895852;0,505247849;1,453464265;0,780268505;0,868858964;2,817217397;0,8158852;0,865375;0,428017147;0,80312;1,03552;1,7;0,54530205;1,247973665;2,059;2,28031882;1,440202827;0,241505195;0,319288258;0,9359927;0,559764823;0,879067573;0,729828007;1,273873841;1,218350846;1,023044213;1,213105815;0,963470989;0,727724965;0,421529893;1,073786986;1,117777678;1,898643348;0,310747896;3,529965458;0,714474729;0,671283479
2017-Q3;0,02507507;1,03578065;0,251591076;1,058054967;0,631502333;527765,4916;;0,983811316;1,677051377;0,94539204;0,626537759;2,86075677;0,527149798;0,3818128;0,69498999;1,261424891;0,879377516;1,134959012;0,564773963;0,251373743;0,724123;-0,017629388;0,700699;0,99268;1,6;0,183895972;1,25770079;1,64884;1,515918521;1,51233719;-0,06443299;-0,237211974;0,8106957;0,719149991;0,727407217;0,292021237;0,372894662;0,797319215;0,421873021;0,884105821;0,685236151;0,725153767;0,758509439;0,577280996;-0,366774101;0,358932893;0,428297394;-0,399256865;0,9622701;1,482113673
2017-Q4;1,922050752;0,897396384;0,530877383;-0,901636931;0,846469116;532232,8635;;0,17765784;0,739867594;0,83338791;1,085793773;5,501916821;0,729039912;0,536468886;0,825446682;0,351549761;0,805377738;1,760665505;0,866008682;0,73203167;0,863138;-0,650740219;0,854659;1,00437;1,6;0,393361099;1,272568823;1,87953;1,882761165;1,416044916;0,801726796;1,256541272;1,139442187;0,940399838;0,781731938;0,441378989;0,647030592;2,278880381;0,517990679;1,430284031;-0,569736833;0,794052285;0,106028337;0,62554452;0,75496245;1,445377341;0,402869485;3,148213956;0,389941873;-0,265752327
2018-Q1;0,213425155;0,854595511;0,767722724;1,418215336;0,031992519;532403,1382;;0,247414018;1,197721015;0,673865389;1,080467216;0,746810807;0,891415488;-0,027768474;0,727368109;0,339645527;-0,432376803;1,265562392;0,490118054;1,478916582;0,164958;2,498840398;0,071246;0,97783;1,8;0,439006178;1,282972503;2,14027;1,468743124;1,159426213;0,398602112;1,120304779;0,773052322;0,762854036;0,398971748;0,526436751;0,25785486;0,215973335;0,875239281;1,816812779;0,778925608;0,574961598;0,127005432;0,377842041;0,512055136;1,061718949;0,236706446;0,571664577;0,871213457;1,148518541
2018-Q2;0,96206452;1,206189211;0,505947634;0,141208693;0,349520705;534263,9974;;1,095340006;1,131578667;1,112903226;0,930704151;2,823841108;0,360930279;0,040418659;0,779536523;-0,373086906;0,556977164;1,299278755;0,734727931;1,346998606;0,574266;-0,208727501;0,4933;0,83438;1,6;-0,134146771;1,256613797;1,34181;0,657521797;0,288675698;0,457957473;-0,009952941;1,138892747;0,833910909;0,626005158;0,196884725;-0,007046347;1,24690995;0,785105341;0,953729979;0,300775738;0,644599956;0,390262535;0,586193572;0,502598831;0,775125024;0,54664776;1,921625026;0,948803664;0,633608551
2018-Q3;-0,386694404;0,866329801;0,99011581;-0,268138491;0,398736372;536394,3023;;-0,676141775;-0,478523238;0,406763439;-0,241001585;-1,10179196;0,125170174;0,098655226;0,525723942;1,181853092;-0,422456804;1,400952714;0,611440119;1,004853894;0,136105;1,414393579;0,066448;0,64151;1,4;1,0962454;1,271871234;1,36788;-1,627935541;0,850000953;0,385099676;0,469258111;0,979439892;0,481952559;0,287020645;0,858704929;-0,192026496;1,143083971;0,690122507;1,390347138;0,630028733;0,208835224;-0,726160628;0,51760509;0,602133078;0,684922879;0,631727016;-1,042628206;0,389192228;0,688281747
2018-Q4;-0,455152147;1,283703014;0,720191586;0,657625323;0,733084379;540326,5252;;1,380126591;0,898847912;1,286837715;0,216205144;1,535575861;1,050474811;0,257055243;0,608994992;0,455880563;0,386536632;0,878944895;0,698012498;1,019868598;0,61769;0,481463997;0,568946;0,58824;1,5;0,284185813;1,280067917;1,4523;-3,184115348;0,722858281;0,970500449;-0,307861498;0,527795701;0,223141835;0,483386704;-0,379021655;-0,017651004;1,346662467;0,340869542;1,001852452;0,033684589;0,199232997;-0,190352737;0,674983961;0,499343436;1,376514424;0,335440843;1,319425407;0,060252207;0,822000181
2019-Q1;1,147901169;1,402614706;0,697943233;0,682583221;0,642732722;543799,3805;;0,529985505;-0,129588197;0,379578072;0,287854341;1,780756126;0,856515171;0,222282673;0,881510282;1,379247734;1,054195089;1,856399772;0,890707918;1,041001722;0,815983;-0,297746087;0,741269;0,83974;1;-0,976457995;1,232468192;1,06389;1,901026683;1,418521626;0,258428393;0,083220111;0,906687126;0,59779029;0,610960228;0,521661883;0,736176824;0,559105314;0,090640853;1,747042029;-0,275671641;0,633957661;0,470150872;0,601311089;0,617632559;1,637376482;0,641957711;1,897357617;0,461452684;-0,199687643
2019-Q2;1,322377591;1,180717847;1,036524513;1,054627484;0,530412252;546683,7591;;0,532896326;1,475324448;0,570339235;0,398251371;2,261178118;-0,514094089;0,306409895;0,56465027;1,69879513;-0,492566052;0,686724845;0,78597745;-0,061995038;0,269061;-0,701172475;0,206049;0,83121;1,2;0,488060038;1,237760758;1,07471;2,379951147;0,37089414;0,445883491;-0,386137965;0,346058094;0,792924408;0,417040291;0,575294075;0,916562976;-0,287229347;0,990737829;0,446589148;0,171420403;0,594609866;0,511327651;0,365570965;0,728776149;0,426116907;0,13273242;-0,410655016;0,764276964;1,046022679
2019-Q3;0,243912545;0,39781136;0,55798743;-0,094569359;0,088819826;547169,3226;;0,177001469;0,471222548;1,00059041;0,512095278;-0,184168053;0,233056615;-0,010011756;0,46238778;-0,383252538;0,410949135;1,077237764;0,5484853;-0,590969648;0,28772;-0,185022973;0,243269;0,64235;1,4;-0,019313291;1,183818348;0,9937;0,050625441;1,059416202;0,685215199;0,514481043;0,240924958;0,685498791;0,36447798;-0,005114589;-0,065990553;1,246000641;0,326642811;1,170206849;0,22067862;0,445895501;0,011963913;0,37901041;0,378664928;0,696689921;0,45897235;-1,948431564;0,774102322;0,405037445
2019-Q4;0,99276653;1,28934673;0,934382679;-0,287310049;-0,368813777;545151,2868;;0,105454537;-4,127033773;0,398424761;0,482954974;1,481295686;-0,265868114;-0,808103413;0,824612023;-0,159442997;-0,074416587;0,350348609;0,629132155;0,497390088;-0,013234;0,308913382;-0,063893;0,24952;1,3;0,063450117;1,06516109;0,00188;1,364629963;1,096246646;0,653723361;-0,909181163;0,517209583;0,469097618;0,504342086;0,280390505;-0,246759114;1,395754263;0,300683754;0,531360171;1,435512912;-0,000453964;-2,736431192;0,376576034;-0,218967697;0,365134952;-0,044750089;3,531721291;0,329919527;1,288454855
2020-Q1;-0,919101655;0,731637358;-2,130050179;-1,975613338;-5,689636531;514134,16;;-0,817942648;2,190149541;-1,509231594;-1,547314607;2,829810888;-2,49838974;-5,894949648;-4,414526004;-1,101764071;-1,763973605;0,088715077;-3,388261018;-1,615410835;-3,108421;-1,332821346;-3,523005;-3,27148;-10,5;0,136212184;-0,736567237;0,05446;0,446242923;-1,16987604;-3,138105054;-0,913194541;-3,861088897;-1,303582746;-1,643390807;-2,220685609;-0,270016027;-4,602696423;-2,157302609;-0,527444491;-1,325670075;-1,726843833;0,432734319;-5,391222646;-0,691631216;-1,207322332;-2,637367304;-5,100496567;-0,2517764;-1,261506728
2020-Q2;-7,973325368;-5,863753898;-15,92061553;-13,44723818;-13,46440101;444909,075;;-7,784596339;-12,29393248;-10,2769135;-6,149299705;-3,037398121;-11,42745832;-12,63071884;-15,24969549;-6,225895555;-9,996215611;-9,202253588;-8,893719052;-7,061079876;-11,228688;-4,848610902;-11,626539;-6,79266;11,6;-17,39410024;-6,870155154;-24,16165;-10,76985076;-9,062422946;-11,63914878;-17,85009951;-7,226529717;-8,937250501;-8,375905344;-8,861983915;-6,162553058;-9,435635201;-11,04253725;-14,23995532;-4,658495714;-10,43937137;-7,948985956;-17,65209276;-6,073607132;-5,811153699;-19,44947792;-7,440976211;-6,788708787;-3,150738208
2020-Q3;1,613831885;3,881609919;9,997292399;5,362029979;18,58137804;527579,3122;;6,983165651;5,016761185;13,91441551;6,264850642;9,81931481;10,80579963;16,01253764;14,67263506;7,998240166;9,043062505;7,559242913;6,71354468;5,566119198;11,750263;0,749804648;12,64061;8,62233;3,4;13,89253169;3,367512402;24,8159;16,40050182;8,61267295;11,88298679;13,49196719;9,067488675;7,547534636;7,505689788;7,802520923;5,011075743;11,82612108;8,983958377;11,45349661;4,487368519;9,431093748;5,302886908;16,79845701;6,094212926;3,619102709;17,57247971;1,748643172;3,39740667;2,233424391
2020-Q4;3,751464464;1,555403556;6,712552421;3,938052161;-1,086877493;521845,1714;;0,137843182;6,08395698;-0,327250034;-0,065441471;-4,232614619;-1,876945544;-1,5657435;0,275105523;0,537921425;0,743386255;-0,31440217;0,805777108;1,607647983;-0,157713;2,077436621;-0,321174;1,68735;2,6;2,548716912;2,49475277;6,09667;1,202524785;2,076596007;-0,138247138;3,476657098;0,427573081;1,115276766;0,000280038;3,007517211;0,925318632;-0,18371729;2,192421261;1,516918789;0,632925625;1,046411907;1,862726046;0,222620107;0,445241797;2,196789738;1,50247662;5,220155762;3,215098165;1,142221229
2021-Q1;1,911719416;1,687019617;3,41534591;4,070660413;0,169959482;522732,0967;;1,257155605;3,803467929;1,304135361;-0,080763974;9,734477049;-0,391694572;0,342500706;-2,85339859;3,752839284;-1,684226516;1,593319541;-0,316658609;0,653203784;0,074031;-1,126194097;-0,131725;0,72022;0,3;1,04085909;0,610297984;1,18076;2,204118947;-0,279206704;1,243159372;0,76438718;-1,384249207;1,533889627;-0,776681777;1,41943789;-0,124703609;1,463170565;1,172780872;1,769510756;-0,036871879;0,755432959;-0,543704831;-0,669664875;-0,227428446;3,330827646;-1,170349138;-2,050575068;1,857630259;1,740407308
2021-Q2;1,935799325;1,195478602;-3,204043436;1,007619104;1,315845993;529610,4461;;0,838792595;1,610932645;2,463143296;1,829214036;4,622562358;4,070778895;2,671600249;4,329138042;0,030523135;2,173700733;1,835078055;1,390840502;2,037827612;2,113842;0,220955997;2,206794;0,48265;1,3;1,317869153;0,375264402;-10,50918;1,688076645;3,730756037;1,728963815;1,04286433;1,861192167;1,64074654;3,757366824;-0,33814568;1,813097918;1,995582002;-0,901349118;2,184146935;0,808127324;1,698713466;0,58416304;1,192779327;2,308336738;2,419040632;5,648425902;4,899376219;0,795943647;0,770711605
2021-Q3;3,869134703;0,718762433;6,06444087;1,984454179;3,134185981;546209,4224;;1,866858402;4,871960657;-3,554404755;1,865713456;1,239847098;3,38810269;2,492797239;2,769812988;0,480884204;1,669530332;2,318097875;1,574338017;0,485115046;2,155876;5,680977147;2,25445;1,92426;0,7;-1,727377087;0,14134205;13,73106;2,773953075;1,697941629;2,039674879;-0,698398303;0,35613661;0,570948111;2,106482186;-0,061936185;0,994904569;1,347563298;1,34544577;0,919436728;3,929521417;1,107718917;-0,709285244;2,630039;1,17074744;1,025203826;0,988887018;-1,055514349;-1,87351854;0,311163633
2021-Q4;;1,121377238;4,26551404;0,423738482;0,706893539;550070,5415;;1,123317761;;3,005064372;0,285262675;-5,362431683;-1,450362674;0,570651964;1,581941456;0,512538741;-0,347188837;1,673887984;0,928809695;-0,073012148;0,387998;1,578321209;0,257306;1,4;1,6;1,163438831;;1,8396;1,510970702;4,127986362;0,513650187;0,020623217;0,348107275;1,702761035;0,927153127;0,544195167;0,704622804;5,366343876;1,627299148;1,965520607;0,069559206;1,2;1,129626842;2,011580755;1,117887234;1,766512983;0,963245341;2,226395248;3,426812884;1,222247457
