Date;Costa_Rica;Lituanie;Colombie;Grece;France;Suede;Chili;New_Zealand;Suisse;Irlande;Autriche;Italie;Portugal;Luxembourg;Allemagne;Pologne;Tchéquie;Lettonie;EU27_2020;Arabie_Saoudite;EA19;G20;Chine;Afrique_du_sud;Indonesie;Inde;Turquie;Isreal;Belgique;Mexique;Slovaquie;USA;Pays_bas;Bresil;Finlande;Slovenie;Canada;Hongrie;Norvege;OCDE;Japon;Espagne;Danemark;Estonie;Royaume-Uni;Islande;Australie;Corée_du_sud;Roumanie;Bulgarie;G7;OECDE;Russie;Argentine
1970-Q1;;;;;37,7;38,7;;;0;;;;;;;;;;;;;;;32,4;;;;;;;;28,4;;;;;29,3;;;29,7;;;;;36,4;;24,9;4,1;;;32,4;;;
1970-Q2;;;;;38,2;39;;;0;;;;;;;;;;;;;;;33,1;;;;;;;;28,4;;;;;29,3;;;30;;;;;37,2;;25,3;4,3;;;32,7;;;
1970-Q3;;;;;38,7;40,2;;;0;;;;;;;;;;;;;;;32,7;;;;;;;;28,7;;;;;29,6;;;30,4;;;;;37,6;;25,3;4,3;;;33,2;;;
1970-Q4;;;;;39,3;40,4;;;0;;;;;;;;;;;;;;;33,8;;;;;;;;28,4;;;;;29,6;;;30,5;;;;;37,9;;25,4;4,7;;;33,2;;;
1971-Q1;;;;;39,4;39,9;;;0;;;;;;;;;;;;;;;34,3;;;;;;;;29,2;;;;;29,5;;;30,7;;;;;37,8;;25,7;4,7;;;33,5;;;
1971-Q2;;;;;40,1;39,5;;;0;;;;;;;;;;;;;;;34;;;;;;;;29,3;;;;;30,3;;;31,1;;;;;38,4;;25,8;4,8;;;33,9;;;
1971-Q3;;;;;40,7;40,2;;;0;;;;;;;;;;;;;;;34,5;;;;;;;;29,6;;;;;31,2;;;31,5;;;;;39,1;;26,6;4,8;;;34,3;;;
1971-Q4;;;;;41,1;39,8;;;0;;;;;;;;;;;;;;;34,7;;;;;;;;29,6;;;;;31,5;;;31,7;;;;;39,3;;26,6;4,9;;;34,4;;;
1972-Q1;;;;;41,6;40;;;0;;;;;;;;;;;;;;;34,5;;;;;;;;30,2;;;;;31,4;;;32,2;;;;;39,3;;26,2;4,9;;;35;;;
1972-Q2;;;;;41,8;40;;;0;;;;;;;;;;;;;;;34,9;;;;;;;;30,9;;;;;32,3;;;32,8;;;;;40,3;;26,8;5,1;;;35,6;;;
1972-Q3;;;;;42,2;41,2;;;0;;;;;;;;;;;;;;;34,9;;;;;;;;31,2;;;;;32,4;;;33,2;;;;;40,5;;26,7;5,2;;;36;;;
1972-Q4;;;;;42,9;41,9;;;0;;;;;;;;;;;;;;;35,5;;;;;;;;31,7;;;;;33,1;;;33,8;;;;;41,1;;27;5,4;;;36,7;;;
1973-Q1;;;;;43,7;42,2;;;0;;;;;;;;;;;;;;;36;;;;;;;;32,5;;;;;34;;;34,6;;;;;43,1;;27,7;5,6;;;37,6;;;
1973-Q2;;;;;44,2;42,2;;;0;;;;;;;;;;;;;;;35,8;;;;;;;;32,8;;;;;34,4;;;34,9;;;;;43,2;;27,7;5,8;;;38;;;
1973-Q3;;;;;44,6;42,5;;;0;;;;;;;;;;;;;;;36,9;;;;;;;;32,6;;;;;34,5;;;35,1;;;;;42,8;;28;6,1;;;38;;;
1973-Q4;;;;;45,1;43,1;;;0;;;;;;;;;;;;;;;37,6;;;;;;;;33;;;;;35,1;;;35,5;;;;;42,6;;28,7;6,2;;;38,4;;;
1974-Q1;;;;;45,6;42,9;;;0;;;;;;;;;;;;;;;38,3;;;;;;;;32,7;;;;;35,4;;;35,3;;;;;41,4;;28,7;6,5;;;38,1;;;
1974-Q2;;;;;45,8;43,6;;;0;;;;;;;;;;;;;;;38,8;;;;;;;;32,8;;;;;35,8;;;35,5;;;;;42;;28,1;6,4;;;38,3;;;
1974-Q3;;;;;46,2;44,2;;;0;;;;;;;;;;;;;;;39,2;;;;;;;;32,4;;;;;35,8;;;35,5;;;;;42,3;;28,5;6,5;;;38,2;;;
1974-Q4;;;;;45,5;44,8;;;0;;;;;;;;;;;;;;;38,9;;;;;;;;32,3;;;;;35,6;;;35,3;;;;;41,7;;28,5;6,5;;;37,9;;;
1975-Q1;;;;;45,3;45,1;;;0;;;;;;;;;;;;;;;38,7;;;;;;;;31,9;;;;;35,4;;;35,1;;;;;41,7;;28,6;6,6;;;37,6;;;
1975-Q2;;;;;45,4;44,6;;;0;;;;;;;;;;;;;;;39,4;;;;;;;;32,2;;;;;35,8;;;35,3;;;;;41;;29,5;6,9;;;37,8;;;
1975-Q3;;;;;45,6;45;;;0;;;;;;;;;;;;;;;39,7;;;;;;;;32,7;;;;;36,5;;;35,7;;;;;40,9;;29,2;7,1;;;38,3;;;
1975-Q4;;;;;46,2;45,6;;;0;;;;;;;;;;;;;;;40;;;;;;;;33,1;;;;;36,9;;;36,1;;;;;41,3;;28,7;7,3;;;38,8;;;
1976-Q1;;;;;46,9;44,8;;;0;;;;;;;;;;;;;;;40,6;;;;;;;;33,9;;;;;37,6;;;36,7;;;;;42;;30;7,5;;;39,4;;;
1976-Q2;;;;;47,5;45,6;;;0;;;;;;;;;;;;;;;39,7;;;;;;;;34,1;;;;;38,4;;;37,1;;;;;41,9;;30,1;7,9;;;39,8;;;
1976-Q3;;;;;47,7;45,3;;;0;;;;;;;;;;;;;;;40,7;;;;;;;;34,3;;;;;38,5;;;37,4;;;;;42,5;;30,3;8,1;;;40,1;;;
1976-Q4;;;;;48,3;45,1;;;0;;;;;;;;;;;;;;;40,4;;;;;;;;34,6;;;;;38,6;;;37,8;;;;;43,4;;30,6;8,2;;;40,5;;;
1977-Q1;;;;;48,8;44,2;;;0;;;;;;;;;;;;;;;40,3;;;;;;;;35;;;;;39,2;;;38,1;;;;;43,4;;30,4;8,2;;;41;;;
1977-Q2;;;;;49;44,7;;;0;;;;;;;;;;;;;;;40,3;;;;;;;;35,7;;;;;39,4;;;38,5;;;;;43,1;;30,9;8,7;;;41,4;;;
1977-Q3;;;;;49,3;44,7;;;0;;;;;;;;;;;;;;;40,2;;;;;;;;36,3;;;;;39,6;;;38,8;;;;;43,4;;30,7;9,2;;;41,8;;;
1977-Q4;;;;;49,4;44,5;;;0;;;;;;;;;;;;;;;40,4;;;;;;;;36,3;;;;;40,2;;;39,1;;;;;44,1;;30,6;9,5;;;42,1;;;
1978-Q1;;;;;50,1;45,2;;;0;;;;;;;;;;;;;;;41,1;;;;;;;;36,4;;;;;40,6;;38,2;39,5;;;;;44,5;;30,9;9,4;;;42,4;;;
1978-Q2;;;;;50,9;45,9;;;0;;;;;;;;;;;;;;;41,9;;;;;;;;37,8;;;;;40,8;;38,8;40,2;;;;;45;;31,1;9,7;;;43,4;;;
1978-Q3;;;;;50,9;44,9;;;0;;;;;;;;;;;;;;;41,4;;;;;;;;38,2;;;;;41,2;;39,3;40,6;;;;;45,6;;31,6;9,9;;;43,8;;;
1978-Q4;;;;;51,3;45,7;;;0;;;;;;;;;;;;;;;41,8;;;;;;;;38,7;;;;;41,6;;39,4;41,1;;;;;46,1;;31,9;10,4;;;44,3;;;
1979-Q1;;;;;51,7;46,6;;;0;;;;;;;;;;;;;;;42,5;;;;;;;;38,8;;;;;41,9;;39,2;41,4;;;;;45,9;;32,7;10,9;;;44,6;;;
1979-Q2;;;;;52,2;47,4;;;0;;;;;;;;;;;;;;;42,8;;;;;;;;38,8;;;;;42,5;;40,4;41,9;;;;;47,9;;32,2;10,9;;;45,1;;;
1979-Q3;;;;;52,8;47,5;;;0;;;;;;;;;;;;;;;43,1;;;;;;;;39,1;;;;;42,8;;41,4;42,1;;;;;46,8;;32,5;10,6;;;45,4;;;
1979-Q4;;;;;52,9;47,5;;;0;;;;;;;;;;;;;;;44;;;;;;;;39,2;;;;;43,1;;41,8;42,4;;;;;47,3;;33,1;10,5;;;45,6;;;
1980-Q1;;;;;53,5;49;;;53,6;;;;;;;;;;;;;;;44,9;;;;;;;;39,3;;;;;43,4;;43,4;42,6;;;;;46,9;;33,3;10,6;;;45,8;;;
1980-Q2;;;;;53,2;46,7;;;53,7;;;;;;;;;;;;;;;45,8;;;;;;;;38,5;;;;;43,4;;42,5;42,2;;;;;45,9;;33,4;10,5;;;45,2;;;
1980-Q3;;;;;53,2;48,5;;;54;;;;;;;;;;;;;;;46,5;;;;;;;;38,5;;;;;43,3;;41,8;42,3;;;;;45,9;;33,5;10,7;;;45,3;;;
1980-Q4;;;;;53,1;47,5;;;54,3;;;;;;;;;;;;;;;46,6;;;;;;;;39,2;;;;;43,9;;42,7;42,8;;;;;45,4;;34,1;10,4;;;45,9;;;
1981-Q1;;;;;53,4;47,8;;;54,3;;;67,3;;;;;;;;;;;;47,2;;;;;;;;40;;;;;44,9;;43,4;43,2;;;;;45,4;;34,2;10,8;;;46,4;;;
1981-Q2;;;;;53,7;47,8;;;54,8;;;67,4;;;;;;;;;;;;48,2;;;;;;;;39,7;;;;;45,4;;43,6;43,3;;;;;45,5;;34,8;11,1;;;46,4;;;
1981-Q3;;;;;54,1;48,1;;;55,1;;;67,5;;;;;;;;;;;;49;;;;;;;;40,2;;;;;45;;43;43,6;;;;;46;;35,5;11,6;;;46,7;;;
1981-Q4;;;;;54,3;47,6;;;54,9;;;68;;;;;;;;;;;;49,3;;;;;;;;39,7;;;;;44,8;;43;43,6;;;;;46;;35,3;11,7;;;46,6;;;
1982-Q1;;;;;54,8;47,7;;;54,5;;;68;;;;;;;;;;;;48,8;;;;;;;;39,1;;;;;44,2;;43,3;43,5;;;;;46,1;;35;11,8;;;46,4;;;
1982-Q2;;;;;55,2;48,8;;;54,2;;;67,8;;;;;;;;;;;;48,4;;;;;;;;39,3;;;;;43,7;;43,3;43,6;;;;;46,6;;35,4;12,1;;;46,5;;;
1982-Q3;;;;;55,2;48,1;;;53,7;;;67,8;;;;;;;;;;;;48,4;;;;;;;;39,1;;;;;43,4;;43,3;43,5;;;;;46,7;;35,1;12,4;;;46,4;;;
1982-Q4;;;;;55,5;49,1;;;53,6;;;67,6;;;;;;;;;;;;47,4;;;;;;;;39,1;;;;;43;;43,4;43,6;;;;;47;;34,6;12,7;;;46,6;;;
1983-Q1;;;;;55,8;48,5;;;54;;;67,7;;;;;;;;;;;;46,6;;;;;;;;39,7;;;;;43,7;;44,3;43,9;;;;;47,9;;34,2;13,3;;;47;;;
1983-Q2;;;;;55,8;48,9;;;54,2;;;67,7;;;;;;;;;;;;46,8;;;;;;;;40,6;;;;;44,5;;44,8;44,4;;;;;48,3;;34,2;13,7;;;47,7;;;
1983-Q3;;;;;55,8;49,5;;;54,4;;;68,9;;;;;;;;;;;;47,4;;;;;;;;41,4;;;;;45;;45,4;45;;;;;48,8;;35,1;14,2;;;48,3;;;
1983-Q4;;;;;56,1;50,5;;;54,6;;;70,5;;;;;;;;;;;;48,6;;;;;;;;42,2;;;;;45,6;;45,4;45,7;;;;;49,2;;35,7;14,3;;;49,1;;;
1984-Q1;;;;;56,5;51,6;;;55,2;;;70,3;;;;;;;;;;;;49,4;;;;;;;;43,1;;;;;46,4;;46,6;46,3;;;;;49,6;;36,6;15;;;49,7;;;
1984-Q2;;;;;56,7;50,8;;;55,5;;;70,5;;;;;;;;;;;;50,4;;;;;;;;43,8;;;;;47,3;;46,9;46,6;;;;;49,1;;37;15,3;;;50,2;;;
1984-Q3;;;;;57;51,5;;;56,5;;;71,4;;;;;;;;;;;;49,6;;;;;;;;44,2;;;;;47,5;;48,3;47,2;;;;;49,5;;37,3;15,5;;;50,7;;;
1984-Q4;;;;;57,1;52;;;56,9;;;71,4;;;;;;;;;;;;49,7;;;;;;;;44,6;;;;;48,2;;49,3;47,5;;;;;50,4;;37,6;15,6;;;51,1;;;
1985-Q1;;;;;57,2;52;;;57,6;;;71,8;;;;;;;;;;;;49,4;;;;;;;;45;;;;;49;;50,2;48;;;;;50,8;;38,1;16,1;;;51,6;;;
1985-Q2;;;;;57,6;52,6;;;58,1;;;72,7;;;;;;;;;;;;49;;;;;;;;45,4;;;;;49,1;;49,5;48,5;;;;;51,9;;39;16,4;;;52,2;;;
1985-Q3;;;;;58;53,2;;;58,2;;;73,3;;;;;;;;;;;;48,9;;;;;;;;46,1;;;;;49,7;;51;49;;;;;52;;39,5;16,6;;;52,9;;;
1985-Q4;;;;;58,2;52,6;;;58,7;;;73,8;;;;;;;;;;;;49,4;;;;;;;;46,5;;;;;50,5;;51,5;49,4;;;;;52,1;;39,4;17,1;;;53,3;;;
1986-Q1;;;;;58,4;53,7;;;59;;;74,3;;;;;;;;;;;;48,8;;;;;;;;46,9;;;;;50,5;;52,4;49,7;;;;;52,7;;39,7;17,5;;;53,6;;;
1986-Q2;;;;;59;54;;;59,3;;;74,8;;;;;;;;;;;;49,1;;;;;;;;47,1;;;;;50,8;;51,7;50;;;;;53,1;;39,6;18,1;;;53,8;;;
1986-Q3;;;;;59,2;54,2;;;59,3;;;75,5;;;;;;;;;;;;49,3;;;;;;;;47,5;;;;;50,8;;53,1;50,3;;;;;53,3;;39,7;18,9;;;54,2;;;
1986-Q4;;;;;59,4;54,4;;;59,2;;;75,8;;;;;;;;;;;;49,5;;;;;;;;47,8;;;;;50,5;;53,4;50,6;;;;;54,3;;40,4;19,2;;;54,6;;;
1987-Q1;;;;;59,6;54,6;;;59,3;;;76,1;;;;;;;;;;;;49,8;;;;;;;;48,2;;;;;51,6;;53,1;50,8;;;;;54,8;;40,7;19,8;;;54,7;;;
1987-Q2;;;;;60,3;55,9;;;59,7;;;77,3;;;;;;;;;;;;50;;;;;;;;48,7;;;;;52,3;;54,3;51,6;;;;;55,6;;41,4;20,8;;;55,5;;;
1987-Q3;;;;;60,7;56,5;;;60,5;;;77,5;;;;;;;;;;;;50,2;;;;;;;;49,1;;;;;53,1;;52,9;52,2;;;;;56,9;;42,1;21;;;56,2;;;
1987-Q4;;;;;61,7;56,7;;;61;;;78,3;;;;;;;;;;;;50,8;;;;;;;;49,9;;;;;53,8;;53,8;53,1;;;;;57,6;;43;21,5;;;57,1;;;
1988-Q1;;;;;62,5;56,9;;47,6;61,1;;56,4;79,5;;;;;;;;;;;;51,6;;;;;;;;50,2;55,2;;;;54,6;;53,6;53,6;;;;;58,6;;43,2;23,1;;;57,7;;;
1988-Q2;;;;;62,8;57;;47,5;61,5;;57,5;80;;;;;;;;;;;;51,9;;;;;;;;50,9;55,6;;;;55,1;;52,8;54;;;;;58,9;;43,2;22,6;;;58,2;;;
1988-Q3;;;;;63,7;57,1;;48,4;62,2;;58,4;81;;;;;;;;;;;;52,6;;;;;;;;51,2;56,1;;;;55,1;;53,3;54,5;;;;;59,7;;43,6;23,3;;;58,9;;;
1988-Q4;;;;;64,3;58,4;;48,6;63,3;;59,1;82;;;;;;;;;;;;53,1;;;;;;;;51,8;56,6;;;;55,5;;53,3;55,2;;;;;60,2;;44,2;24,1;;;59,5;;;
1989-Q1;;;;;65,2;58,4;;49,3;63,5;;59,6;82,5;;;;;;;;;;;;53,4;;;;;;;;52,4;57,5;;;;56,1;;53;55,8;;;;;60,5;;44,7;24,1;;;60,3;;;
1989-Q2;;;;;65,7;58,8;;49,6;64,6;;59,9;82,9;;;;;;;;;;;;53,7;;;;;;;;52,8;58,2;;;;56,3;;53,6;56,1;;;;;60,9;;45,6;24,4;;;60,5;;;
1989-Q3;;;;;66,4;58,9;;47,5;65,1;;60,4;83,7;;;;;;;;;;;;53,7;;;;;;;;53,2;58,7;;;;56,5;;54,1;56,6;;;;;60,9;;46;25,1;;;61;;;
1989-Q4;;;;;67,4;59,6;;48,6;65,9;;61,2;84,6;;;;;;;;;;;;53,4;;;;;;;;53,3;59,2;;;;56,4;;54,5;57,2;;;;;61;;45,9;26,1;;;61,6;;;
1990-Q1;;;;;67,8;59,8;;49,1;67,1;;61,9;84,9;;;;;;;;;;;;53,4;29,5;;;;;;;53,8;59,9;;68,1;;56,9;;54,3;57,7;;;;;61,3;;46,3;26,4;;;62,1;;;
1990-Q2;;;;;68;59,6;;48,9;67,5;;62,6;85,2;;;;;;;;;;;;53,4;30,2;;;;;;;54;60,4;;67,1;;56,7;;54,9;58,2;;;;;61,6;;46,3;27;;;62,6;;;
1990-Q3;;;;;68,3;59,1;;49;67,2;;63,1;85,3;;;;;;;;;;;;53,3;30,5;;;;;;;54,1;61,2;;65,7;;56,3;;54,4;58,5;;;;;61;;46;27,8;;;62,9;;;
1990-Q4;;;;;68,6;59,8;;50,1;66,9;;63,5;84,8;;;;;;;;;;;;53,4;30,9;;;;;;;53,6;61,7;;65,3;;55,8;;55,8;58,6;;;;;60,8;;46,3;28,4;;;62,7;;;
1991-Q1;33,4;;;;68,5;59,6;;48,2;67;;64;86,4;;;73,7;;;;;;;;;53;32;;;;;;;53,3;61,5;;64;;55;;56,3;58,7;;;;;60,6;;45,7;29,5;;;63;;;
1991-Q2;33,8;;;;68,7;58,9;;47,8;66,4;;64,6;86;;;73,3;;;;;;;;;52,8;32,8;;;;;;;53,8;62,2;;63,3;;55,2;;56,6;59;;;;;60,5;;45,6;30;;;63,3;;;
1991-Q3;33,9;;;;68,9;58,6;;48,4;66,4;;65,3;86;;;73,1;;;;;;;;;52,8;33,3;;;;;;;54;62,4;;62;;55,3;;56,5;59,2;;;;;60,3;;45,8;30,6;;;63,4;;;
1991-Q4;35,4;;;;69,2;58,5;;48,3;66,6;;65,7;87;;;74,1;;;;;;;;;52,7;33,8;;;;;;;54,2;63,1;;61,2;;55,4;;56,9;59,6;;;;;60,4;;45,9;31,4;;;63,7;;;
1992-Q1;36;;;;69,9;59,1;;48,7;67,1;;65,9;87,3;;;75,2;;;;;;;;;52,4;34,2;;;;;;;54,9;63,6;;61,4;;55,5;;58,1;60,1;;;;;60,4;;46,2;31,9;;;64,2;;;
1992-Q2;36,8;;;;69,9;58,8;;49,1;66,9;;66,3;87,2;;;74,6;;;;;;;;;52;34,6;;;;;;;55,5;63;;60,7;;55,5;;58,4;60,3;;;;;60,3;;46,6;32,1;;;64,5;;;
1992-Q3;38,4;;;;69,9;57,9;;48,2;66,2;;66,3;87;;;74,5;;;;;;;;;51,4;35,8;;;;;;;56;63,2;;60,2;;55,8;;59,1;60,6;;;;;60,7;;47;32,2;;;64,8;;;
1992-Q4;38;;;;69,7;57,1;;48,7;65,7;;66,1;86,4;;;74,3;;;;;;;;;51;36;;;;;;;56,6;63,4;;59,8;;56,1;;58,7;60,7;;;;;61,1;;48;32,7;;;65;;;
1993-Q1;39,1;;;;69,3;56,1;;49,7;65,6;;65,9;86,3;;;73,7;;;;;;;;;51,7;36,7;;;;;58,2;;56,7;63,8;;60;;56,5;;58,3;60,9;;;;;61,5;;48,3;33,3;;;65,2;;;55,1
1993-Q2;39,5;;;;69,4;56,8;;50,2;66,3;;66,3;86,1;;;73,7;;;;;;;;;52;37,1;;;;;58,4;;57;64;;59,8;;57;;59,3;61,1;;;;;61,8;;48,6;34,2;;;65,3;;;56,7
1993-Q3;40,3;;;;69,5;57,6;;51,6;66,5;;67;85,9;;;74,1;;;;;;;;;52,7;38,3;;;;;59;;57,3;64,5;;60,2;;57,6;;60,5;61,4;;;;;62,3;;48,7;34,8;;;65,4;;;57,8
1993-Q4;40,8;;;;69,6;57,5;;52,5;66,9;;67,5;86,6;;;74,1;;;;;;;;;53,1;39,6;;;;;59,7;;58,1;64,1;;60,6;;57,8;;62,7;61,9;;;;;62,7;;49,6;35,5;;;66;;;58,3
1994-Q1;40,7;;;;70,1;58,1;;54,1;67,3;;67,7;87,2;;;75,1;;;;;;;;;53,1;40;;;;;60,4;;58,6;65;;61;;58,7;;62;62,5;82,9;;;;63,5;;50,4;36,5;;;66,7;;;59,1
1994-Q2;41,9;;;;70,9;58,7;;54,3;66,6;;67,8;87,9;;;75,3;;;;;;;;;53,6;41,1;;;;;61,6;;59,4;65,8;;61,6;;59,5;;63,4;62,8;82,5;;;;64,2;;51;37,1;;;67,2;;;60,3
1994-Q3;42,2;;;;71,3;59,4;;54,4;67,3;;68,4;88,4;;;75,8;;;;;;;;;54,2;41,1;;;;;62,1;;59,8;66,3;;63;;60,3;;62,6;63,4;83,4;;;;64,9;;51,4;37,7;;;67,7;;;60,5
1994-Q4;42,1;;;;71,9;60,3;;54,9;67,6;;69,3;89,2;;;76,7;;;;;;;;;55,2;41;;;;;62,8;;60,5;66,9;;64,6;;60,7;;65;64;83,1;;;;65,2;;51,9;39,2;;;68,2;;;61,2
1995-Q1;43,6;42,3;;88,9;72,3;61,1;43,8;55,7;67,3;;69,9;90,4;78,4;50,2;76,5;44,2;;45,3;71,7;;74,1;;;55,4;43,3;;;45,5;68,2;59,2;;60,7;67,4;;64;61,2;61,3;63,5;64,5;64,2;84;65,9;74,8;45,1;65,5;51,4;51,9;40;57,2;57,9;68,6;67,4;;60,3
1995-Q2;43,3;43,2;;89,8;72,7;61,4;45;56,6;67,4;;70,2;90,4;79,3;50,7;77;45;;45,6;72,5;;74,5;;;55,5;44,1;;;46,6;68,5;56,3;;60,8;67,9;;65,8;61,3;61,3;63,4;65,1;64,5;84,8;66,3;74,5;44,7;65,7;52,8;52,1;40,8;57,4;64,7;68,9;67,8;;58
1995-Q3;43,3;43,2;;90,3;72,7;61,7;45,2;56,8;67,7;;70,4;90,8;79,7;51,2;77,2;46,6;;45,1;72,7;;74,7;;;55,9;44,3;;;47,2;68,9;57,4;;61,4;68,4;;65,5;61,4;61,4;63,4;66,6;65;85,8;66,6;74,9;44,5;66,4;52,2;53,3;41,7;58,7;65,1;69,4;68,2;;57,8
1995-Q4;43,5;44,1;;90,8;72,9;62,3;46,1;57,5;67,8;;70,6;91,6;80,2;51,8;77,2;46,5;;45,2;73,1;;74,9;;;56,1;44,9;;;47,6;69,1;58,5;;61,8;68,9;;65,5;61,6;61,6;63,1;67,4;65,4;86;67,1;75,4;45;66,5;52,3;53,3;42,5;58,2;70,8;69,7;68,5;;58,2
1996-Q1;43,5;44,7;;91,3;73,3;62,7;47,5;57,8;68,1;;71,1;91,8;80,8;52,4;76,5;47,9;63,7;45,1;73,1;;75,1;;;57,1;45,7;;;48,4;68,9;60;;62,2;69,2;58,9;66,7;62;61,7;63,5;68,5;65,9;86,7;67,5;75,4;45,4;66,9;54,7;54,2;43,3;59;71,6;70,1;68,8;;59,8
1996-Q2;43,5;44,5;;91,8;73,4;62,2;48;58,5;67,9;;71,7;91,7;81,8;48,7;77,6;48,9;64,2;45,1;73,7;;75,6;;;57,8;47,1;;;49,1;69,4;60,8;;63,3;70;59,5;67,2;62,7;62,1;63,1;68,4;66,6;87,8;68;77,5;46,2;67;54,9;54,5;44,1;60,1;70,8;70,9;69,2;;61,2
1996-Q3;44,2;46;;93;73,9;62,5;48,6;59,2;67,7;;72;91,8;82,9;52,5;77,9;49,3;64,4;46,7;74,1;;76;;;58,5;48;;;49,7;69,7;61,9;;63,9;71;61,8;67,6;63,5;62,6;63,1;70,6;67,1;87,9;68,5;77,7;47,7;67,8;53,8;55;44,9;60,6;67,4;71,3;69,7;;62,6
1996-Q4;44,9;46,3;;94;74;62,9;49,3;59,5;68,1;;72,1;91,5;83,1;53,2;78,4;47,3;64,5;49,1;74,3;;76,4;;;59;49,6;;;50,5;70,3;63,7;;64,5;71,5;61,1;68,9;64,6;63,1;63,8;69,5;67,8;88,9;68,9;77,7;48,6;68,8;55;55,5;45,7;61,1;66;72;70,1;;63,7
1997-Q1;44,9;47,2;;94,6;74,2;63,5;49,8;59,1;68,7;39,8;72,5;91,8;84,5;53,5;78;50,8;64,2;48,7;74,6;;76,6;;;59,3;49;;;51;71;63,8;50,6;64,9;72,2;61,7;69,7;65;64;64,5;71,4;68,2;89,1;69,6;78,7;50,4;70,1;57,4;55,8;45,9;59,1;59,3;72,3;70,6;;65
1997-Q2;46,2;48,6;;96,2;75,1;64,2;51;60,6;69;41,3;72,7;93,1;85,3;54,2;79;51,4;64;50,7;75,5;;77,5;;;59,7;49,6;;;51,3;72,1;65,3;51,4;66;73;62,2;70,7;66,5;64,7;65,1;73,1;69,1;88,5;70,2;80;52,5;70,6;57,8;57,5;47,5;58,1;58,7;73,1;71,6;;66
1997-Q3;46,6;49,8;;97,7;75,7;64,7;52,2;61,7;69,8;41,7;73,6;93,7;86,4;54,8;79,3;51,3;63,6;51,6;76,1;;78,1;;;59,7;50,5;;;51,3;72,7;66,5;52,2;66,8;74,1;62,9;72,4;67;65,5;65,7;73;69,7;88,6;71,1;79,8;53,9;71,1;57,1;57,6;47,9;57,2;60;73,7;72,1;;67,7
1997-Q4;48,1;51;;98,7;76,5;66;53,2;60,7;70,3;42,2;74,4;95,4;87;55,4;79,9;52,2;63,5;51,8;76,9;;79;;;59,8;50,3;;;52,2;73,1;68,2;51,9;67,4;75;63,4;74,5;67,3;66,1;66,3;74;70,3;88,7;72,1;79,8;55,6;72;58,7;58,4;47,7;57;58;74,3;72,9;;68,6
1998-Q1;49,3;52;;99,8;77,1;66,3;53;60,7;71,1;43,8;75;94,7;88,2;56;80,6;53,6;63,5;54,7;77,5;;79,5;54,8;;59,9;46,6;;46,9;52,9;73,3;68,8;52,9;68,1;76;62,2;74;67,7;67;66,9;74,8;70,6;87,6;72,7;81;56,1;72,5;57,2;58,8;44,4;57,4;64,8;74,7;73,5;;68,9
1998-Q2;49,3;52,8;;100,3;77,8;67,2;54,1;60,4;71,8;44,9;75,8;95,2;89,6;57,9;80,3;53,5;63,7;54,5;77,8;;79,9;55;;60;42,9;;46,6;53;73,6;69,3;52,9;68,7;76,6;63,2;75,5;68,2;67,1;67,9;75,6;70,9;87,2;73,5;80,4;55,8;73;63;59,3;44,1;56,7;60,5;75;73,8;;70,3
1998-Q3;49,6;53,3;;100,6;78,4;67,6;53,8;60,8;71,8;46,3;76,2;95,4;90,6;59;80,7;53,9;63,6;53,9;78,3;;80,3;55,4;;59,9;42,4;;45,9;53,5;73,8;69,7;52,4;69,6;77,2;63,3;76,4;68,8;67,7;68,5;74,2;71,5;87,4;74,2;81,9;55,7;73,4;62,8;60,5;44,8;56,1;61;75,6;74,1;;70,1
1998-Q4;50,9;53,3;;101,4;79;68,3;51,9;62,2;71,6;44,8;76,5;94,9;91,3;59,4;80,3;54;63,7;52,6;78,4;;80,5;55,8;;59,9;41,3;;45,8;54;73,9;69,8;56,4;70,7;77,9;62,5;77,1;69,3;68,6;68,5;74,6;72,1;88,1;75;82,1;54,7;73,9;64,9;61,4;46;56,3;60,1;76,4;74,3;;68,3
1999-Q1;50,7;52,4;;102,2;79,4;69,1;51,8;62,8;71,8;47,9;77,1;95,5;92,5;61;81,2;54,4;63,8;54,3;79,2;;81,3;56,4;;60,5;43,6;;45;53,5;74,7;70,5;54,5;71,4;79,2;62,7;78,4;70,5;69,8;68,6;75,2;72,5;86,9;75,8;82,9;54,3;74,4;64,7;61,8;47,4;56;58,7;76,8;74,9;;67,4
1999-Q2;51,7;52,6;;103,2;80;69,6;51,9;63,3;72,2;48,6;78,1;95,8;93;62,3;81,2;55,6;64;53,5;79,6;;81,7;56,9;;61;43,6;;44,8;55,7;75,7;70,9;53,6;72;80,1;62,9;78,8;73,5;70,4;69,3;75,2;73,1;87,2;76,7;83,3;54,8;74,6;63,1;62;49,4;55,9;57,1;77,2;75,3;;66,7
1999-Q3;52,1;51,9;;103,6;81;70,1;53,2;64,3;72,6;50,2;79,1;96,7;93,9;64,1;82,2;56,9;64,6;55,4;80,6;;82,7;57,5;;61,6;43,7;;44;55,9;76,8;71,6;53,2;72,9;81,2;63;79,2;71,6;71,5;70,6;76,7;73,9;87,7;77,7;83,8;55,3;75,8;63,6;62,7;50,8;56,4;56,7;78,1;76,1;;66,5
1999-Q4;53;52;;105,2;82,1;71,4;54,4;65;74,4;51;79,5;98,2;94,4;63,9;82,8;58;65,3;57,3;81,5;;83,6;58,3;;62,3;43,7;;45,3;57;77,8;72,2;53;74,1;82,4;63,8;79,9;72,8;72,5;71,4;78,1;74,9;87,7;78,6;85;56,8;76,8;66,5;63,8;52,3;57;53,6;79,1;77,1;;67,6
2000-Q1;53,5;53,2;;105,6;82,9;71,9;54,6;66,6;75;51,9;80,4;99,2;96,5;67,2;84;57,8;66,2;57,7;82,5;;84,6;59,1;;63,1;45,1;;46;58,3;78,3;73,6;53,6;74,4;82,9;64,5;82,3;73,6;73,7;72;79,2;75,6;89,2;79,8;85,8;58,9;77,6;66,3;64,1;53,3;57,6;59;79,8;78;;67,4
2000-Q2;53,6;53,7;;106,6;83,7;73,7;54,6;66;75,3;53,7;80,9;100;96;66,3;84,7;58,5;66,9;57,6;83,3;;85,4;59,8;;63,6;44,8;;47,8;60,1;78,9;74,7;54,1;75,7;83,8;65,4;82,9;74,6;74,6;72,7;78,1;76,6;89,6;80,8;86,8;60,4;78,1;67;64,7;54;58,4;59,5;80,8;78,8;;66,3
2000-Q3;54;54,5;;108,6;84,2;74,3;55,4;66,3;75,9;54,6;81,3;100,6;97,4;67,4;84,7;58,7;67,8;59,4;83,7;;85,9;60,3;;64,3;45,9;;48,6;61,9;79,2;75,5;54,4;75,8;84,5;66,2;84,2;75,5;75,3;73,4;78,8;76,9;89,6;81,7;87;61,1;78,4;69;64,8;55,5;57,4;60;81;79,3;;66,1
2000-Q4;54,5;55,4;;110,1;84,9;74,1;56,1;66,8;76,7;54,7;82,6;102;98,1;67,8;84,4;60,4;68;58,7;84,3;;86,4;60,7;;64,8;47,3;;49,2;61,9;80;74,8;54,7;76,3;85,6;67;85,1;76;75,5;74,8;78,9;77,4;90,5;82,5;87,9;62,5;78,6;68,5;64,6;55,3;57,8;60,6;81,4;79,9;;66,3
2001-Q1;55,3;56,7;;111,5;85,4;74,3;56,7;66,2;76,8;56,1;82,3;102,7;97,8;68,9;86,1;59,6;68,8;60;85,1;;87,3;61;;65,2;46,9;;46,7;61,1;80,1;74,8;55,1;76;85,7;67,3;85,5;77;75,9;75,3;79,8;77,6;91,2;83,4;86,9;63,4;79,3;68,5;65,3;56;59,4;61,1;81,7;80,3;;66,4
2001-Q2;55,4;56,9;;111,2;85,5;74,3;57,2;68,4;77,2;57,1;82,1;102,3;98,7;68,1;86,1;59,3;69;62,7;85,2;;87,4;61,3;;65,5;47,4;;44,5;60,8;80,1;74,4;55,7;76,5;86,1;66,9;85,6;77,2;76,1;75,9;79,6;77,7;90,5;84;87,3;63,5;79,6;70,8;65,8;56,7;59,9;61,7;81,9;80,2;;65,9
2001-Q3;56,1;58;;113;85,8;74,6;56,8;68,2;77;56,6;82,1;102;98,8;69,1;85,9;59,8;69,4;61,5;85,3;;87,5;61,4;;65,7;47,4;;45;60,1;79,9;74,6;55,9;76,2;86,3;66,6;86,1;77,6;76;76,6;80,6;77,6;89,5;84,8;88,1;64,8;80;69;66,6;57,5;61,1;62,5;81,6;80,5;;62,8
2001-Q4;56,4;59,4;;113,3;85,8;75,3;57,4;69,1;76,9;57,5;82,6;101,8;100,2;70,9;85,8;60;69,8;63,5;85,4;;87,6;61,6;;66,2;48,1;;44,3;59,8;79,8;74,1;57,1;76,4;86,5;66,4;85,9;78,4;76,5;77,1;81,3;77,8;89,2;85,4;88;65,7;80,2;73,4;67,4;58,5;61,6;63,3;81,7;80,6;;59,2
2002-Q1;56,6;59,5;;114,2;86,1;75,2;57,9;70;76,9;59,1;83,3;102;100,4;71,2;85,4;60,1;69,7;63,5;85,5;;87,7;62,1;;66,9;48,7;;45,9;60;80,5;73,6;57,3;77;86;67,9;86,5;79,5;77,6;78,9;80,5;78,2;89,3;85,8;87,9;66,2;80,6;68,7;67,9;60;63;64,3;82,1;80,8;;56,3
2002-Q2;57,7;61,3;;116,8;86,5;76,3;57,7;70,6;77;59,5;83,7;102,4;99,9;72,4;85,7;60,6;70;65,8;86;;88,2;62,7;;67,8;49,3;;47,9;60,3;81,2;74,3;57,9;77,5;86,3;68,3;87,3;79,4;78,1;79,3;82,2;78,8;90,1;86,5;87,9;68,5;81,1;71,5;69,1;61;63,6;65,3;82,6;81,5;;56,6
2002-Q3;58,1;62,4;;117,4;86,9;76,8;58,1;71,9;77,2;60,7;84;102,6;99,5;71,3;86,2;61,4;70,4;66,7;86,4;;88,5;63,3;;68,6;49,9;;48,6;60,3;81,6;74,9;59,2;77,8;86,4;69,1;87,1;80,3;78,7;80,1;80,9;79,2;90,3;87;88,2;69,9;81,7;70,8;69,3;62,3;63,9;66,2;82,9;81,9;;56,6
2002-Q4;58,4;63,4;;118,3;86,8;76,9;59,3;73,5;76,9;61,3;83,6;103;98,7;71;86,1;61,4;70,9;69,4;86,6;;88,7;63,6;;69,1;50,5;;49,6;60,2;82;75,1;59,6;77,9;86,6;69,8;88,1;81,6;79,2;81;81,9;79,5;90,6;87,7;87,9;70,4;82,4;72,3;69,8;63;65;66,9;83,1;82,2;;57,2
2003-Q1;59,1;66,1;;120,8;87;77,8;59,9;73,7;76,3;61;84,3;102,6;98,8;71;84,8;61,7;71,7;69,8;86,4;;88,4;64;;69,6;51,1;;49,6;61;81,7;75,2;60,6;78,3;86,6;69,6;87,5;81,6;79,6;81,7;81,9;79,7;90,7;88,5;88,4;72;82,9;73,1;70;62,5;63,9;67,8;83,2;82,2;65,5;59,3
2003-Q2;59,8;67,1;;122,9;86,8;77,4;60,4;74;76,3;61,3;84,4;102,5;98;72,7;84,9;63;72,5;71,5;86,5;;88,5;64,5;;69,9;51,7;;49,8;60,7;81,9;75,4;61,5;79;86,3;68,9;88,7;81,8;79,5;82,5;81,5;80,1;91,3;88,9;87,6;73,7;83,5;71,2;70,3;62,4;64,8;68,6;83,7;82,4;66,2;61,2
2003-Q3;60,6;69;;123,7;87,4;78,5;60,8;74,9;77,1;61,8;84,6;102,4;98,8;73,5;85,5;63,7;73,1;73,1;87;;88,9;65,4;;70,3;52,2;;51,2;61,2;82,2;75,4;61,8;80,3;86,4;69,6;89,8;83;79,8;83,5;82,6;80,9;91,6;89,5;87,9;74,4;84,3;71,3;71,5;63,7;66,2;69,4;84,6;83;67,4;62,7
2003-Q4;61,2;70,2;;126,4;88;79;61,3;76,1;78;65;84,8;103,4;99,2;76,3;85,7;63,8;73,9;73,9;87,7;;89,6;66,3;;70,7;52,8;;52,8;61,4;82,8;76,2;62,8;81,3;86,8;70,3;90;83,5;80,3;84,4;82,7;81,8;92,5;90,3;89,5;76,4;85;73,7;72,7;65,3;66,3;70,7;85,4;83,8;68,6;63,8
2004-Q1;61,9;70,9;;128,7;88,9;80,4;62,8;77,9;78,5;64,9;85,6;103,6;100,1;75,8;85,6;65,7;74,6;76,5;88,2;;90;67;;71,8;53,4;;54,2;63;84,1;77,3;63,6;81,7;87,6;71,3;91,1;84,3;80,9;85,7;85,6;82,4;93,2;90,8;89,9;78,1;85,4;76,3;73,2;66,2;69,4;71,7;85,8;84,4;69,9;65,9
2004-Q2;62,7;72,2;;128,6;89,4;80,8;64,1;78;79,1;66,4;86,3;104;100,7;75,9;86;66,3;75,5;77,5;88,8;;90,6;67,7;;72,8;54;;55,5;63,5;84,9;78,5;64,1;82,4;88;73,3;91,9;85,4;81,9;86,7;85,8;83;93,2;91,7;90,5;77,6;85,8;75,8;73,7;66,7;70,7;73;86,4;85;71,2;65,2
2004-Q3;63;72,7;;130,4;89,7;81,4;65,9;78;79,1;66,1;87,1;104;100,7;77,6;85,9;65,9;76,6;77,9;89,1;;90,8;68,4;;73,9;54,7;;56,1;64,3;85,6;78,3;65,6;83,1;88,2;74,2;92,9;86,2;82,9;87,7;84,8;83,5;93,8;92,6;90,7;79,3;86;79,4;74,3;66,9;73,1;74,5;86,9;85,3;72,3;68,4
2004-Q4;63,8;74,4;;129,9;90,3;82,1;66,9;78,2;79,2;67,6;87,4;104,3;100,4;76,8;85,8;66,6;78;79,6;89,5;;91,2;69,1;;74,7;56,2;;57;65,1;85,9;79,3;66,6;84;88,3;74,8;94,3;86,6;83,4;88,1;85,6;84,1;93,6;93,2;91,7;81;86,3;80,4;74,8;67,4;74,2;75,6;87,4;85,7;73,1;69,5
2005-Q1;64,1;76;62,8;129,1;90,6;82,4;66,8;78,4;79,8;69;87,4;104,1;101,2;76,2;85,8;67,4;79,4;81,8;89,7;;91,4;69,9;;75,5;56,7;;59,7;65,5;86,4;79,5;67,4;84,9;88,6;75,3;95,2;87,4;83,7;88,9;87;84,7;94,1;94,1;91,3;82,4;86,9;77,8;75,4;68;74,5;77,1;88;86,2;74,4;71,4
2005-Q2;64,7;77,2;63,8;129,4;90,8;83;67,9;80,4;80,8;70,3;88,4;104,8;101,6;76,8;86,2;67,5;80,5;83,6;90,3;;91,9;70,7;;76,9;57,3;;59,9;66,2;86,9;79,7;68,8;85,3;89,3;76,4;94,1;88,9;84,3;90,6;87,5;85,3;94,8;95;93,1;85,7;87,7;83,7;75,7;69,3;74,2;78,2;88,5;86,8;75,5;72,9
2005-Q3;65,8;79,3;64,1;131,2;91,2;84;69,5;80,5;81,7;69,6;89;105,5;101,1;78,3;87;68,8;81,8;87,8;91;;92,6;71,6;;77,9;58;;60,8;67;87,2;80,4;69,9;86;90,5;75,8;95,5;89,6;85,4;91,3;88,2;86;95,8;95,9;93,2;87,7;88,5;84;76,6;70,3;75,6;79,3;89,2;87,6;76,9;73,4
2005-Q4;66,8;80,8;65,2;131,9;91,9;84,6;70,5;80,6;82,5;71,8;89,8;105,6;101,2;82,4;87,4;70;83,3;91;91,6;;93,2;72,4;;78,4;58,8;;62,8;68,2;87,9;81,7;70,9;86,5;91;76,7;95,7;91,2;86,2;92,3;88,4;86,7;96;96,9;93,5;89,8;89,4;85,5;77,2;71;77,5;80,6;89,7;88,4;78,4;74,9
2006-Q1;67,6;81,4;66,5;136,2;92,6;85,9;71,1;81,4;83,4;73,1;90,8;105,9;102;82,5;88,2;71,1;84,8;90,4;92,5;;94;73,5;;79,8;59,6;;63,5;69,4;88,4;83,2;72,6;87,7;91,6;78;98,1;91,9;86,9;93,1;89;87,6;96,1;98;94,7;91,8;89,9;85;77,3;72,2;78,8;81,9;90,5;89,2;80;76,9
2006-Q2;69,3;83,3;67,7;136,6;93,5;87,3;72,5;81,1;84,1;73,3;91,2;106,6;103;82,7;89,7;72,7;86,5;94,9;93,6;;95;74,3;;80,9;60,3;;65,4;70,7;88,8;84;74,3;87,9;93;78,2;98,4;93,8;87;94,4;89,1;88,2;96,3;98,9;97,5;93,7;90,2;88,4;77,4;72,7;81,5;83,3;91;90,3;81,5;77,8
2006-Q3;70,8;84,7;69;137,2;93,6;88,3;73,5;82,7;84,8;74,2;92,2;107;102,9;83,1;90,4;73,9;87,6;98;94,2;;95,6;75,1;;82,1;61,3;;64,9;70,2;89,5;84,2;75,7;88;93,5;79,5;99,3;95,4;87,2;94,9;90;88,5;96,1;99,8;96,9;95,9;90,4;88,8;78,6;73,9;82,1;85;91,1;90,8;83,4;80
2006-Q4;72,9;87,1;70;140,7;94,3;88,9;75;83,3;85,9;74,4;93,2;108,4;103,6;84,3;91,8;72,8;88,7;102,4;95,2;;96,7;76,1;;83,2;62,3;;66,4;71,2;90,5;84,4;77,9;88,7;94,3;80,4;100,1;97,5;87,5;95,8;91,6;89,4;97,4;100,8;96,6;98,3;91;89,7;79,6;74,5;83,2;86,4;92;91,7;84,9;81,7
2007-Q1;73,7;90,1;71,3;139,6;95;89,7;75,7;83,9;86,4;78,7;94;108,2;104,7;88,6;91,9;76,2;90,2;104,2;95,9;;97,3;77,3;;84,5;63,3;;67,6;72,7;91,8;85;79,5;89;95,4;82;102;99,3;88,1;94,6;91,7;90;98;101,7;96,9;101,5;91,7;91,3;80,7;75,7;84,7;87,7;92,4;92,5;86,5;83,6
2007-Q2;75,6;92,4;72,1;143,7;95,7;90,2;76,4;85,1;87,7;77,6;95,2;108,4;105,2;90,5;92,6;77;91;106,3;96,6;;98;78,2;;85,2;64,3;;67,6;74;92,3;85,7;81,5;89,6;95,9;83,3;103,8;100,6;89;94,5;91,7;90,6;98,1;102,6;96,5;101,9;92,2;95,6;81,2;77;86,5;89,3;92,9;93,1;88,7;85,4
2007-Q3;76,5;94,9;73,7;142,8;96,1;90,9;76,5;85,9;88,5;75,6;95,5;108,7;105,4;89,9;93,1;78,3;92,3;108,3;97,1;;98,4;79;;86,2;65,3;;68;75,4;93;86,2;83,4;90,1;96,9;84,2;104,8;102,6;89,3;95;92,9;91;97,5;103,4;97,4;102,1;92,8;95,3;82,2;77,9;87,3;90,6;93,2;93,7;90,6;86,6
2007-Q4;77,9;96,5;74,5;142,1;96,3;91,9;77,8;86,4;89,4;78,7;96,3;108,3;106,6;90,6;93,7;79,4;93,4;107;97,7;;99;80,1;;87,4;65,9;;70,4;76,5;93,3;86,5;88,7;90,7;98,2;85,5;106,2;102,8;89,4;95,3;93,9;91,7;97,9;104,1;98,4;101,5;93,1;99,5;82,5;79,6;90,2;92,4;93,6;94,4;93,5;89,2
2008-Q1;79,6;96;74,7;143;96,7;91,2;79,8;85,9;90,2;76,6;96,9;109,5;106,6;91,5;94,3;80,9;93,9;109,2;98,2;;99,4;80,7;;87,8;67,4;;71,8;77,2;93,7;86,4;86,2;90,3;98,6;86,5;106;104,4;89,5;96,2;92,7;91,8;98,3;104,3;98,4;99,3;93,7;96,8;83,3;80;94,4;93,9;93,7;94,9;96;90
2008-Q2;79,5;96,7;75,4;142;96,3;91,2;79,9;84,6;91;74,7;97,7;108,5;106,1;90,5;94,1;81,1;94,6;105,2;98;;99,1;81,2;;88,9;68,4;;69,3;77,3;93,8;87;87,3;90,8;99,1;88,5;105,2;106,2;89,8;96,7;92,7;91,9;97,7;104,4;97,5;100,3;93,3;99,5;83,6;80,4;96;95;93,8;94,5;96,6;90,6
2008-Q3;79,9;95,5;76,2;141,9;96;90,7;79,2;84,8;91,4;74,1;97,1;107,1;106;89,8;93,5;80,8;94,7;100,9;97,5;;98,6;81;;89,1;69,3;;68;77,4;93,3;87,3;88,5;90,3;98,9;89,8;105,6;105,6;90,6;96,6;92,6;91,4;96,5;104,2;96,9;100,3;91,9;94,2;84,2;81;96,2;96,1;93,1;93,9;95,2;91,3
2008-Q4;79,1;94,7;74,8;139,9;94,6;87,5;78,4;84,7;88,8;71;94,9;104,3;104,6;86,5;92;81,2;93;98,5;95,7;;96,8;80;;88,6;69,4;;66,3;76,8;91,2;85,9;89,6;88,4;98,3;86,4;103,3;101,7;89,5;93,2;92,9;89,6;94,1;102,5;94,6;88,5;90,1;99,5;83,8;78,4;94,5;96,6;91,2;92,2;92,1;87
2009-Q1;77,2;82,5;75,1;133,3;93;86,2;77,8;84;87,4;71,3;93,3;101,5;102;84,8;87,7;82,4;89,8;95;93;;93,8;78,8;;87,2;70,3;;62,6;76,8;90,3;81,5;81;87,3;94,7;85,2;96,6;97,2;87,5;89,3;92,1;87,5;89,6;99,9;93,2;86,1;88,4;89,7;84,5;78,4;90,7;92,3;89,1;89,5;88,8;83,8
2009-Q2;78,3;81,5;75,9;137;93;86,2;77,3;85,1;87,9;70,9;92,6;101,2;102,1;85,9;87,8;82,5;89,5;89,5;92,9;;93,8;79,6;;86,9;71,2;;65,1;77,6;90,4;80,3;82,3;87,2;94,7;86,7;96,2;96,1;86,5;89,4;91,3;87,7;91,4;99,9;91,4;83,2;88,2;89,3;85,2;79,5;90;92,5;89,2;89,7;87,5;81,9
2009-Q3;79,2;81,8;76,4;136;93,1;86,2;78,2;85,5;88,9;70;93;101,8;103;87,7;88,3;83;89,9;85;93,2;;94,2;80,5;;87,1;72,3;;66,6;78,5;91,5;82,9;83,8;87,5;95,1;88,7;97,1;96,4;86,9;89,4;91,3;88,2;91,3;100,1;91,8;81,6;88,2;90,7;85,5;81,9;90,2;93,2;89,4;90,1;87,9;85,1
2009-Q4;80,5;80,9;77;136,2;93,8;86,6;79,1;86,6;89,7;69,1;93,4;102,1;103;88,1;89;84,9;90;85,2;93,7;;94,6;81,6;;87,7;73,4;;67,9;79,6;92,3;84,3;85,4;88,4;95,7;91;96,3;96,3;87,9;89,3;91,4;89;92,4;100,1;91,8;82;88,5;90,4;86,1;82,5;90,1;90,4;90,3;90,6;88,8;86,7
2010-Q1;81,5;81,5;78,1;128,5;94,1;88,9;79,4;87,6;90,3;71,1;93;102,4;103,9;89,7;89,7;84,6;90,6;84,8;94,1;;95;82,7;;88,7;74,6;;67,7;80,6;92,7;85,2;87;88,9;95,5;93,1;97,3;96,1;89;89,4;93,2;89,5;93,4;100;92,6;83,1;89,1;85;86,5;84,1;87,6;91,7;90,8;91;90,7;89,4
2010-Q2;82,5;82,5;79;123,8;94,6;90,8;82,1;88,1;91,1;71,2;94,3;103,2;104,5;90,7;91,7;85,9;91,6;84,1;95;;95,9;83,9;;89,5;75,8;;70,3;81,8;93,7;86,1;88;89,7;95,9;94;100;97,8;89,5;90,1;92,2;90,5;94,5;100,2;93,3;84,2;90,1;88,4;87,1;85,7;87,3;93,2;91,8;92;91,6;93,4
2010-Q3;83,8;82,9;79,7;119,7;95,2;91,9;84;86,8;91,6;71,5;95,1;103,7;104,5;89,2;92,5;87;92,4;83,8;95,5;;96,3;84,9;;90,3;77;;72,2;82,8;94;86,9;88,9;90,4;96,4;94,9;99,6;98,1;90,1;90,8;89,9;91,3;96,3;100,1;94,7;85,4;90,7;86,7;87,7;86,7;86,1;93,9;92,6;92,6;92,1;93,9
2010-Q4;84,4;84,9;81,4;118,8;95,9;93,3;85,1;85,8;92,3;71,1;96,2;104,2;104,3;89,9;93,2;87,9;92,7;84,6;96,1;;96,9;85,9;;91,1;78,2;;74,4;84,1;94,5;87,6;89,5;90,9;97,4;96,2;101,7;98,6;91,1;90,8;92,4;91,8;95,5;100,2;94,5;87,2;90,8;89,9;88,4;87,7;87,1;94,8;93;93,3;93,2;95,1
2011-Q1;84,8;86,5;82,9;114,2;96,8;93,7;86,2;87,3;92,9;71,7;97,1;104,7;103,7;91;95;88,9;93,3;83,4;96,9;;97,7;86,7;;92;79,4;;76,1;85,3;95;88,3;89,8;90,7;98;97,6;102,2;99,3;91,8;91,6;92,5;92,1;94,5;100;94,7;89;91,3;86,2;88,2;88,5;88,1;95;93,1;94,1;94,3;97,4
2011-Q2;86,8;87,7;84,6;112,1;96,8;94;87,4;88,1;93,3;72,8;97,3;104,8;103,2;90,1;95,1;90;93,5;86,4;97;;97,7;87,4;;92,5;80,5;77,7;78,2;86,1;95,2;88,7;90,5;91,3;97,9;98,5;102;98,7;92;91,6;92,1;92,4;93,6;99,7;95,7;90,7;91,4;88,6;89,3;89;87,9;95,8;93,3;94,4;95,2;98,3
2011-Q3;87;88,5;86;109,9;97,2;95,2;87,7;89,1;93;71,4;97,9;104,2;102,4;91,2;95,9;91,2;93,5;87,7;97,2;;97,9;88,1;;92,9;81,7;77,7;80,3;88;95,4;90,5;90,9;91,3;97,9;98,3;102,2;98,6;93,2;91,8;93,6;93;95,9;99,1;94,5;92,2;91,7;90,2;90,5;89,5;89,5;95,9;93,8;94,8;96,3;99,1
2011-Q4;88,2;89,4;86,9;104,9;97,4;93,9;89,4;89,9;93,1;71,5;97,9;103,2;100,9;90,9;95,6;91,8;93,5;87,8;96,8;;97,4;88,9;;93,5;82,9;78,9;81,4;88,7;95,7;91,1;91,6;92,3;97,3;99,2;102,2;98,6;94;92,9;93,7;93,3;95,8;98,4;95,3;92,1;91,8;91,5;91,5;89,9;88,6;95,9;94,2;94,6;97,5;99,2
2012-Q1;90;89,9;87,5;104,6;97,4;94;90,9;90;94,1;71,2;98,7;102,1;100,3;91,4;95,9;91,8;93,3;92,3;96,6;;97,2;89,6;;94,1;84,2;80;80,6;89,1;95,9;91,6;91,8;93;97,1;97,9;101,8;98;94;91,3;95,7;93,8;97,1;97,5;95,2;92,7;92,4;88,5;92,4;90,7;89,6;96,4;94,8;94,6;99;98,1
2012-Q2;90,4;90,5;88,6;102,8;97,3;94,2;92,3;90,5;94;72,7;98,3;101,4;99;91,4;96;91,6;92,9;91,8;96,4;;97;90,1;;94,8;85,4;81;82;89;95,9;92,4;91,9;93,5;97,2;99,6;100,7;96,2;94,3;90,7;95,9;93,9;96,2;96,6;95,3;93,8;92,3;89,7;93,1;91,2;90,1;96,2;94,9;94,5;99,4;94,7
2012-Q3;91;92,4;88,3;101,3;97,5;94;92,9;91,1;94,7;71,3;98,1;100,8;97,9;92,4;96,3;92;92,6;93;96,3;;96,9;90,8;;95,2;86,6;82,4;83,5;89,9;96,2;93;92;93,6;96,8;101,3;100,3;96,4;94,5;91;94,5;94,1;95,9;96,1;95,4;94,3;93,5;90,3;93,6;91,6;90,3;96;95;94,7;99,9;97,8
2012-Q4;92,2;92,8;89,3;100,5;97,4;93,4;93,5;92,1;94,6;71,9;98,1;100,1;96,3;94;95,9;91,5;92,4;93,5;95,9;;96,5;91,3;;95,7;87,8;83,4;84,8;90,5;96,1;93,8;91,9;93,7;96,1;101,3;100,2;94,5;94,7;90,9;95,3;94,1;95,8;95,3;95,2;95,1;93,2;91,7;94,1;92;90,9;95,7;94,9;94,5;100;99,4
2013-Q1;92,4;93,3;90,7;99,5;97,4;94,7;95,2;92,6;95;70,8;97,9;99,1;96,7;94;95,4;91,6;92,1;93,7;95,7;;96,1;92,2;;96,4;89,1;84,7;87,3;91,7;95,9;94;92;94,5;96,4;101,7;99,4;94,7;95,5;91;95,4;94,7;97,1;95;95,7;95,6;93,7;92,3;94,5;92,8;91,9;95,4;95,5;94,6;100,7;99,4
2013-Q2;92,1;94,3;92,9;99,7;98;94,6;96;92,3;95,8;72,8;97,9;99,2;97,5;95,8;96,5;92,6;92,4;93,7;96,2;;96,6;93;;97,1;90,2;85,9;89,9;93,6;96,4;93,5;92,2;94,7;96,2;103,5;99,8;95;96,1;91,9;96,1;95,2;98;95;95,8;95,3;94,3;93,8;94,9;93,9;92,9;95,3;95,9;95,3;101;99,9
2013-Q3;93,9;95;93,4;99,7;98,1;95;96,5;93,1;96,6;74,1;98,4;99,4;97,3;95,9;97;93,3;92,7;95;96,5;;96,9;93,9;;97,6;91,4;87,3;91,2;94,7;96,7;94,3;92,7;95,4;96,8;103,8;100,2;95;96,8;93,3;97,1;95,9;98,9;94,9;96,4;95,1;95;93,6;95,6;94,8;93,9;95,6;96,6;95,8;101,1;100,6
2013-Q4;94,4;96,2;94,8;100,3;98,5;95,7;97;93,7;96,9;73,8;98,8;99,2;98,4;95,1;97,3;93,5;93,9;95,8;96,8;;97,2;94,7;;98,1;92,6;89,2;91,4;95,4;96,9;94,9;93,2;96,1;97,4;103,9;100;96,8;97,9;94,2;96,9;96,3;98,8;95,1;96,6;95,1;95,5;96,9;96,4;95,5;95,1;95,7;97;96,1;101,7;99,5
2014-Q1;95,6;97,3;95,9;100,3;98,6;96,5;97,3;94,7;97,5;76,8;98,6;99,3;97,8;97,1;98,2;94,5;93,3;95,7;97,2;;97,6;95,4;;98;93,6;90,2;94;96,4;97,3;95,5;93,8;95,8;97,3;104,8;99,2;96,9;98;94,9;97,4;96,7;99,6;95,4;96,9;96,6;96,4;94,1;97,1;96,4;95,8;95,8;97,2;96,8;101,7;98,1
2014-Q2;95,9;97,9;96,8;100;98,7;97,3;97,9;95,1;98,2;79,8;99,2;99,3;98,1;95,8;98,2;95,6;94,3;96,3;97,5;;97,8;96,2;;98,4;94,8;92,3;92,5;97,3;97,6;96,7;94,5;97;97,9;103,2;99,4;97,7;98,9;96,2;98,1;97,2;97,8;95,9;96,8;97;97,2;94,2;97,6;97,2;96,6;96,3;97,6;97;102,1;97,5
2014-Q3;96,7;98,2;97,3;101,1;99,2;98;97,5;96,3;98,7;79,8;99,1;99,4;98,2;97,8;98,7;96,4;95,3;96,7;98;;98,2;97,1;;98,8;95,9;94;94,8;98,2;98,3;97,1;95,4;98,1;98,1;103,2;99,7;98,3;99,9;97,1;98,5;97,9;97,9;96,6;98,4;98,3;97,8;97,5;98;97,5;97,5;96,8;98,4;97,7;101,8;96,7
2014-Q4;97,8;98,6;98,6;100;99,3;98,7;98,6;97,6;99,2;79,9;99,3;99,1;99;100,3;99,5;97;96,5;97,2;98,5;;98,6;97,9;;99,6;97;95,4;96;99,7;98,8;98,1;96,5;98,6;99;103,7;99,5;98,4;100,6;97,6;99,7;98,4;98,4;97,4;98,8;99,8;98,4;97,3;98,4;98;98,1;97,6;98,8;98,3;101,6;97,1
2015-Q1;97,9;99;99,2;100,6;99,8;100,1;99,4;98,3;99,1;99,3;99,6;99,4;99,6;99,5;99;98,4;98,3;98,6;99,2;98,4;99,3;98,8;;100,3;98,2;97,1;97,8;99,7;99,3;98,6;98,3;99,4;99,6;103;98,7;98,9;100;99,2;99,5;99,3;99,9;98,5;99,4;98,4;99;95,5;99,3;98,8;98,9;98,6;99,4;99,1;100,5;98,6
2015-Q2;100;99,8;99,7;100,5;99,8;101,1;100,2;99,1;99,8;97;99,7;99,8;99,9;100,2;99,7;99,1;99,7;100,1;99,7;100,3;99,7;99,6;;99,5;99,4;99,1;99,3;99,8;100;99,8;99,6;99,9;99,9;100,4;100,2;99,6;99,7;99,4;100;99,8;100;99,6;99,9;100,3;99,7;101,5;99,4;99,2;99,2;99,3;99,9;99,7;99,9;100,9
2015-Q3;101,3;100,4;100,7;98,6;100,1;102,5;99,7;100,7;100,4;99,5;100,3;100;100;99,7;100,2;100,4;100,8;100,8;100,2;100,8;100,2;100,4;;99,9;100,6;101;100,7;99,9;100,2;101,1;100,7;100,3;100,3;98,8;100,2;100,2;100,1;100,1;101,2;100,3;100,1;100,5;100,2;101,1;100,3;100,7;100,4;100,7;100,6;100,4;100,2;100,3;100,1;100,8
2015-Q4;100,9;100,7;100,4;100,4;100,3;103,3;100,5;101,9;100,8;100,8;100,4;100,6;100,5;100,4;100,6;101,6;101,4;100,7;100,7;100,4;100,6;101,1;;100,3;101,9;103;101,9;100,7;100,6;100,8;101,4;100,4;100,3;98,1;100,8;100,4;100,2;101,1;100,3;100,6;100;101,4;100,4;100,9;101;102,3;101;101,4;101,3;101;100,4;100,9;99,8;99,7
2016-Q1;103,3;101,3;101,2;99,5;100,9;103,2;101,8;102,7;101,2;98,2;101,5;100,8;101;103,3;101,5;101,3;101,6;102,6;101,3;101,5;101,2;102;;100,6;103,1;106;102,3;101,7;100,6;101,3;101,4;101;101,2;96,5;102;101,4;100,7;100,6;100,4;101,2;100,7;102,1;101,6;102,5;101,4;99,3;101,9;101,7;102,4;101,8;101;101,4;100;98,8
2016-Q2;102,9;102;101,8;99,2;100,8;103,3;101,2;103,9;101,8;99,6;101,4;101;101,3;104,8;101,9;102,7;101,9;101,6;101,6;101,5;101,4;102,7;;100,7;104,4;107,9;103,7;104;101,2;101,8;101,6;101,3;101,4;97,1;102,2;102,7;100,2;101,9;100,4;101,6;100,6;102,6;103;102,3;102;106,2;102,6;102,8;104,2;102,6;101,2;101,8;100,1;97,3
2016-Q3;104,7;103;102,3;99,5;100,9;103,6;101,7;104,6;102,3;98,3;101,9;101,6;102,5;105,6;102,2;102,9;102,8;101,7;102,1;101,4;101,9;103,5;;100,7;105,7;110,4;100,8;105,3;101,4;102,9;102;101,9;102,6;96,4;103,3;103,6;101,3;102,5;100,1;102;100,7;103,5;103,8;103,5;102,4;108,1;102,7;103,3;104,8;103,1;101,7;102;100,2;97,5
2016-Q4;105,9;104,2;102,9;100,1;101,5;104,5;101,6;104,8;102,7;109,9;103;101,9;103,4;106,1;102,6;105,3;103,6;103;102,9;102,2;102,7;104,6;;100,7;107;111,9;106,3;106,5;101,9;103,9;102,7;102,4;103,4;96,3;103,7;104,4;101,8;103,3;101,4;102,8;100,9;104;104,6;104,7;103,2;111,7;103,8;104;106,9;104;102,2;103,3;101;98,1
2017-Q1;106,3;105,4;102,6;99,9;102,3;105;101,3;106,2;102,8;105,3;103,5;102,5;104,6;104,4;103,8;106,3;105,2;104,6;103,7;100,8;103,4;105,5;;101,2;108,3;112,8;107,8;106,6;102,5;104,4;103,5;102,9;104;97,4;104,7;106,3;102,9;104,8;102,4;103,4;101,7;104,8;105,3;106,8;103,9;107,3;104;105;109,3;104,7;102,8;104,1;101,2;99
2017-Q2;108,6;106,3;103,4;100,4;103,2;106,3;102,3;107,6;103,1;108,5;104,1;102,9;105,1;105,9;104,6;107,2;108,2;105,5;104,6;101,2;104,2;106,6;;101,8;109,7;115,1;110,2;108,2;102,8;104,7;104,5;103,5;104,9;98,1;106,1;107,6;104;106,1;103,4;104,2;102,1;105,9;106,4;108,8;104,2;111,1;104,7;105,7;110,6;105,4;103,4;105;101,9;100,1
2017-Q3;108,6;107,4;103,7;101,5;103,8;107,4;104,2;108,7;103,8;111,6;104,6;103,3;105,9;107,3;105,5;108,4;108,8;105,7;105,3;101,2;105;107,6;;102;111;117;111,9;109,8;102,7;104,5;105,3;104,2;105,6;98,4;106,5;108,5;104,4;107;104,1;105;102,9;106,5;106,1;109,2;104,6;110,6;105,8;107,2;113,2;106,1;104,1;105,8;102,6;101,2
2017-Q4;110,7;108,4;104,2;100,6;104,7;107,6;105;110,1;104,9;117,8;105,4;103,8;106,7;107,6;106,4;110,3;109,7;106,5;106,2;100,5;105,9;108,7;;102,4;112,4;119,2;114;111,4;103,6;105,8;106,5;105,2;106,5;98,8;107,1;110,9;105;108,6;103,5;105,8;103;107,2;106,9;110,8;105,1;114,1;106,2;106,9;114,4;106,8;104,9;106,8;102,6;102,3
2018-Q1;110,9;109,3;105;102;104,7;107,8;106,4;111,2;106,1;118,6;106,3;103,8;107,5;108;105,9;111,7;110,3;108,1;106,4;103;105,9;109,8;;102,8;113,9;121,7;115,7;112,7;104;107;107,4;106;106,9;99,3;107,4;111,2;105,9;110,5;104,4;106,4;103,1;107,6;107,4;112;105,3;114,8;107,1;108,2;115,2;107,6;105,3;107,1;104;102
2018-Q2;112;110,6;105,5;102,2;105,1;109;107,6;112,6;107;122;106,7;103,8;108,4;107,6;106,5;113,2;111,1;109,5;107;102,8;106,5;110,7;;102,7;115,3;123,4;116,4;113;104,4;107;108,6;106,9;107,6;99,5;107,4;112,6;106,7;111,6;104,7;107,1;103,5;108,2;107,9;112,8;105,9;117;108,1;108,9;116,9;108,2;106;107,8;104,6;97,4
2018-Q3;111,6;111,6;106,6;101,9;105,5;108,3;107,1;112,8;106,8;120,6;106,8;103,9;108,9;108,9;106,1;114,8;111,8;110,6;107,2;104,3;106,5;111,4;;103,8;116,8;125,1;114,5;114;104,8;107,5;109,6;107,4;107,9;100,4;107,2;113,8;107,4;113,1;105,3;107,3;102,8;108,8;108,6;113,6;106,6;115,7;108,5;109,6;118,1;108,9;106,2;107,8;104,8;97,1
2018-Q4;111,1;113;107,4;102,6;106,3;109,8;108,4;114,6;107;122,5;107,9;104,2;109,6;109,4;106,5;115,8;112,6;111,8;107,8;104,8;107,1;112,1;;104,1;118,3;126,9;110,9;114,8;105,9;107,2;110,2;107,7;108,4;100;107,2;115,4;107,8;114,3;105,4;107,5;102,6;109,5;109,1;115,2;106,9;117,3;108,6;110,5;119;109,3;106,5;108,1;105,5;95,7
2019-Q1;112,3;114,6;108,1;103,3;107;110,3;108,2;115,2;107,3;124,7;108,9;104,4;110,6;110,9;107,6;117,9;113,6;112,9;108,7;104,5;107,9;113;;103,1;119,7;128,2;113;116,4;106,1;107,2;111,2;108,3;109,1;100,5;108;116;107,9;116,3;105,1;108,2;103,1;110,2;109,8;117;107,6;119,5;109,1;110,3;120,7;113,5;107,1;109;105,5;95,9
2019-Q2;113,8;116;109,2;104,4;107,5;110,9;109,4;116;107,8;127,5;108,3;104,7;111,2;112,8;107,1;118,7;114,5;112,9;109;103,7;108,1;113,9;;103,6;121,2;129,6;115,7;116,8;106,6;106,8;111,6;109,2;109,5;101,1;109;115,7;109;116,8;105,3;108,8;103,6;110,6;110,6;117,5;107,7;119;109,9;111,4;121,5;113,2;107,6;109,5;107,9;96,6
2019-Q3;114,1;116,4;109,8;104,3;107,6;111,1;109,6;117,3;108,3;127,3;108,6;104,7;111,7;112,3;107,5;120;115,1;112,2;109,3;103,5;108,4;114,7;;103,6;122,7;130,9;115,8;118,1;107,3;107,4;111,9;109,9;109,9;101,1;108,9;117,1;109,3;118,2;105,5;109,3;103,6;111;111;118,4;108,2;116,7;110,8;111,9;122,5;112,4;108,1;109,8;106,8;96,7
2019-Q4;115,2;117,9;110,9;104;107,2;111,2;105,4;117,8;108,8;129,1;108,3;103,9;112,6;112,2;107,4;120,4;115,8;112,8;109,3;103,9;108,3;114,9;;103,6;124;130,9;117,3;119,4;108;106,4;112,5;110,4;110,5;101,4;108,6;118,8;109,7;118,8;107;109,3;100,8;111,4;110,8;118,8;108,2;120,8;111,1;113,3;123,4;112,7;107,9;110;106,3;95,1
2020-Q1;114,2;118,8;108,5;101,9;101,1;110,3;107,5;116,4;107,1;132,8;105,6;97,8;107,7;110,9;105,5;120,5;111,9;110,9;105,9;102,5;104,5;111,2;;103,8;123;131;117,9;118;104,7;105,4;108,1;109;108,6;99,1;108,3;113,3;107,3;118,2;105,6;107,4;101,2;105,4;110;117,4;105,3;114,6;110,9;111,9;123,8;112,5;105,9;107;106,1;91,2
2020-Q2;105,1;111,8;91,2;88,2;87,5;101,7;93,8;105,6;100,6;128,8;93,5;85,4;91,2;104;95;109,5;101,9;103,1;94;97,5;92,4;103,6;;85,7;114,6;99,3;105,2;107,3;92,5;86,6;100,3;99,2;99,5;90,3;101,7;102,6;95,4;101,3;100,7;96,2;93,2;86,8;103,3;110,5;84,9;106,1;103,3;108,4;110,9;104,3;94,9;94;101,4;77,6
2020-Q3;106,8;116,2;100,3;92,9;103,8;108,8;98,8;120,4;106,9;141,4;103,6;99,1;104,6;112,3;103,6;117,7;108,8;108,8;105,1;98,2;104;112,6;;97,6;118,5;124;122,4;116,5;103,5;98,3;109,4;106,7;107;97,4;106,7;114,7;104;112,9;105,2;105,3;98,1;101,4;109,6;114,5;99,8;108;106,9;110,8;116,2;107,5;103,9;106;104,2;86,8
2020-Q4;110,8;118;107,1;96,6;102,6;109;105,5;119,5;106,8;135,4;101,7;97,5;104,9;112,9;104,3;117,4;109,6;110,6;104,9;100,3;103,7;114,5;;100,1;121,4;131,5;123,9;118,9;103,3;101,7;109,9;107,9;107;100,3;107,7;114,5;106,3;114,7;105,8;106,4;99,9;101,6;110,1;117,1;101,3;113,6;110,3;112,1;120,7;109;104,8;106,1;104,9;90,7
2021-Q1;112,9;120;110,7;100,5;102,8;110,4;109,1;121,1;106,7;148,6;101,3;97,9;101,8;117,2;102,6;119,2;109,3;111,3;105;99,1;103,6;115,3;;101,2;122,2;133,1;126,6;118,6;104,6;102,5;108,3;109,6;106,5;101,7;107,6;116,2;107,6;116,7;105,8;107,2;99,4;101,1;109,9;121;100,1;111,3;112,3;114;123,2;111;105,3;106,2;105,7;93,6
2021-Q2;115,1;121,4;107,2;101,5;104,2;111,3;110,9;124;108,6;155,5;105,4;100,5;106,3;117,2;104,8;121,4;110,8;113,6;107,2;99,4;105,9;115,9;;102,5;122,6;119,1;128,7;123;106,4;103,6;110,4;111,4;110,5;101,4;109,6;118,5;106,6;119,2;106,7;109;100;102,2;112,4;123,9;105,7;116,7;113,2;114,9;125;112;107,2;108,9;109;93,1
2021-Q3;119,5;122,3;113,7;103,5;107,4;113,4;115,8;118,5;110,7;157,4;109;103;109,2;117,8;106,6;124,2;112,6;114,1;109,5;105;108,3;118,1;;100,7;122,8;135,4;132,3;125,1;108,6;102,8;110,8;112;112,7;101,3;110,6;120,1;108;120,3;110,9;110,2;99,3;104,9;113,7;125,2;106,8;115,5;111,1;115,3;125,6;112,9;108,2;111,1;108,2;96,8
2021-Q4;;123,7;118,5;104;108,2;114,6;117,9;121,6;111;149;107,4;103,6;111;118,4;106,2;126,3;113,6;114;109,9;106,7;108,5;;;101,9;127,6;137,9;134,3;130,3;109,1;102,9;111,1;113,9;113,8;101,9;111,4;126,6;109,8;122,7;110,9;;100,4;107,2;115;127,4;107,8;118,1;114,9;116,7;125,4;114,1;109,5;111,9;;98,3
